Age,Salary,Experience,Bonus,Score,HoursWorked,Satisfaction
56.0,31542.0,6.0,13880.0,64.01682238281661,31.475625074875204,3.3209936539313647
46.0,51677.0,21.0,,27.11474365001848,56.82664512894194,3.4180370549218253
32.0,76732.0,24.0,10516.0,59.28119916534227,46.13032726388956,7.390265577879587
25.0,80343.0,1.0,15559.0,68.01319311034514,54.63498384611678,2.2326338550519633
38.0,69081.0,17.0,,23.08291891540121,64.28414740031103,6.418599588553554
56.0,92856.0,29.0,3396.0,45.68586448803686,68.37175286022745,5.706496238809349
36.0,118858.0,11.0,19546.0,19.03248628190678,70.62423958440345,5.680925123378673
40.0,49065.0,22.0,2591.0,5.233887578650831,,6.630073461417759
28.0,113460.0,26.0,12303.0,37.84764234858691,21.866935995041462,5.483820361956539
28.0,118092.0,28.0,7183.0,36.2944271845992,64.35768410988639,8.792551148463847
41.0,84693.0,18.0,2312.0,99.5480490704257,26.380623575346476,6.755800919502598
53.0,56962.0,21.0,,44.63523511976422,38.89517531677806,5.469632513713881
57.0,58295.0,17.0,19767.0,33.35695494722004,20.22902804746083,8.297631202876449
41.0,43807.0,7.0,3139.0,58.047500671667464,60.9001689440972,6.061465649334798
20.0,72348.0,17.0,15688.0,8.876739410776846,30.027920688273277,2.9114424778517902
39.0,56432.0,20.0,19088.0,96.16657359548132,59.31694458149949,2.0709491817657124
19.0,113285.0,9.0,7924.0,63.49600455910331,79.50455703007033,1.523277856626788
41.0,87854.0,17.0,1362.0,75.48378199408478,24.360252296600976,8.994552125461016
47.0,70262.0,20.0,19988.0,17.047793817391753,24.624680717087642,7.101354317980658
55.0,67080.0,22.0,14481.0,40.94778530052039,40.4228055600005,9.373784381643208
19.0,31324.0,,4738.0,42.26891133961895,71.98319085508052,6.0329180571494305
38.0,65909.0,28.0,3469.0,82.18064439010868,32.93179212747991,4.734008814949125
,596695.0,29.0,17106.0,0.12366797594094425,41.622669195820855,0.5971648897088933
,49870.0,8.0,17940.0,30.085310835325508,24.110324397618776,6.716422815460298
39.0,64578.0,17.0,10017.0,98.12363743443039,65.78931747553335,5.822087597682311
42.0,102124.0,7.0,3808.0,47.488654350621864,44.49838056556707,9.902088935876215
44.0,56790.0,1.0,17370.0,38.25262802440083,65.55492398365057,2.3915877778224304
59.0,55289.0,13.0,15870.0,11.982900201764634,74.21647066080772,5.307373552868358
45.0,85129.0,23.0,13713.0,97.41646286280155,33.96578882607733,6.509573351180727
33.0,45485.0,19.0,8561.0,2.002635592582447,68.44376182039707,6.445911747423436
32.0,74482.0,27.0,3719.0,73.71802250072432,23.545633404695195,5.612935429484027
20.0,116188.0,24.0,12700.0,76.85998047885084,73.93084329081483,7.769280103272255
,,19.0,4741.0,24.365671606386663,59.04611285352484,2.049812095268164
24.0,116769.0,29.0,10766.0,67.15584436130374,72.4536034483011,7.256272002744159
38.0,39435.0,17.0,4998.0,9.292914437938993,20.011303973394913,6.197345714330892
26.0,33709.0,13.0,19787.0,25.704726643207987,30.14486422135955,8.960751117945733
56.0,60355.0,,17077.0,78.7901988292265,43.38556324558952,8.471944390335818
35.0,85771.0,16.0,1294.0,86.46861920335402,42.77017420248312,3.1514703913255326
21.0,87799.0,8.0,11177.0,60.84864126597913,33.60382297541064,2.7623732497515308
42.0,43116.0,19.0,10882.0,50.683843182048264,42.896716392032005,9.816533238524478
31.0,55470.0,18.0,2136.0,15.93040206189803,27.73092272001529,5.272651809152565
26.0,72344.0,1.0,3064.0,6.310903307915017,44.76566775596156,9.064209639144368
43.0,72918.0,14.0,8009.0,11.764902847355863,68.14125974955584,1.638810237804822
19.0,82224.0,19.0,,22.735730009609878,48.74420378620107,6.428189148001743
37.0,69298.0,15.0,5543.0,34.16745018969208,21.0800053367129,8.098601873605862
45.0,110219.0,18.0,,38.090952551098724,45.286642494754844,9.473952495864468
,91629.0,2.0,6445.0,34.63217685890035,21.63050096545065,3.373401410170235
25.0,96040.0,22.0,11706.0,23.90553321972656,77.97460464240788,7.249811699240524
52.0,,28.0,15749.0,50.97242467516981,27.647237565372137,5.38813009039619
31.0,53960.0,17.0,12718.0,82.52861082328968,62.461299579837124,0.6062892606646819
34.0,,18.0,10439.0,27.970353847147923,78.36657937352516,6.899997373089434
53.0,112848.0,6.0,14281.0,94.23870191022331,69.56234309999431,6.900965582378435
57.0,97641.0,19.0,,87.33366617238478,61.95892250757222,9.30606804846537
21.0,66395.0,4.0,1571.0,16.176421135210962,70.36765457004601,
19.0,52700.0,1.0,3382.0,78.62759567570944,78.90792159563766,2.302509207105147
23.0,64620.0,8.0,6084.0,57.458738231776664,57.280669835211775,0.4456382344867915
59.0,50559.0,29.0,17661.0,56.65753621714186,53.551088409759586,4.156421866859057
21.0,91642.0,23.0,14507.0,39.10427630581744,57.694286627796885,3.019167000775018
46.0,106539.0,7.0,8059.0,,51.9605532056933,7.610883060238756
35.0,51732.0,3.0,19271.0,39.717877742921104,,
43.0,60354.0,10.0,13771.0,53.97326187599428,,9.490711963148438
51.0,43843.0,,18649.0,62.795005277263584,33.106590972998426,9.623102029877842
27.0,101726.0,19.0,8491.0,67.43038064090484,27.214833590700536,6.209085902177081
53.0,47640.0,14.0,15527.0,53.24811925594262,24.100456131935623,9.28660287014883
31.0,82528.0,2.0,18424.0,72.14220673287318,35.79894702519201,7.6085434451449565
48.0,68413.0,28.0,15859.0,14.12780492755058,22.767413860144032,5.468596409751262
32.0,82638.0,1.0,9073.0,,54.03024679516314,1.8030793542277812
25.0,82736.0,23.0,10077.0,81.87350040742702,37.02970682141122,4.5859794351384
31.0,98866.0,23.0,12383.0,32.252797784641515,69.47208848522193,5.608744633626176
40.0,49087.0,28.0,17378.0,2.2893824976120247,24.454452379303184,8.639615807350102
57.0,71430.0,18.0,3353.0,15.379114966803108,33.581089660489155,4.813333765356649
38.0,54504.0,7.0,5799.0,22.361443449631125,63.814768825408756,8.976746726779567
33.0,37114.0,29.0,18070.0,95.73228878945872,,6.743489790234689
35.0,108859.0,8.0,12939.0,57.30414289308493,23.869476274950053,1.3699906305367138
41.0,40975.0,1.0,3428.0,93.27307404762549,72.63436742973202,9.94981369325093
43.0,41023.0,25.0,12296.0,57.516335049662494,72.63570576957076,5.272326607539126
42.0,51447.0,23.0,8813.0,47.93544401378518,39.824480232546435,3.9185829640907888
58.0,53959.0,3.0,15414.0,31.372769119409604,40.42435060097388,6.591137644695265
46.0,96203.0,24.0,12801.0,60.63709444333756,79.34170150101043,1.0889331398103907
32.0,59703.0,,12745.0,13.919802461752983,57.57057029558829,6.365386467533543
18.0,39337.0,27.0,14025.0,89.82616272927059,51.87899123408354,4.98236000499273
42.0,76427.0,29.0,4356.0,82.93324051412837,70.28913101311547,4.066740699985831
24.0,91529.0,8.0,15288.0,31.753144787673705,37.11742030143898,9.530200211788992
26.0,114665.0,22.0,7540.0,95.27975276012943,45.750955603781414,5.225397167320533
41.0,61921.0,25.0,17422.0,82.5200767415568,36.06660052930005,2.1911747946993843
18.0,63307.0,15.0,4342.0,66.63068858350397,67.34965079532388,4.589634793772986
25.0,57355.0,5.0,10078.0,12.17619111252748,54.40096073811308,9.193874045726727
41.0,34835.0,3.0,3844.0,47.823402304807225,59.529504208404234,1.7609547133059467
28.0,50159.0,19.0,11396.0,50.61075548467508,35.138434990364395,2.139570386882369
34.0,77605.0,1.0,18482.0,23.25513583653801,33.213518082638906,0.1302956775708375
25.0,68088.0,28.0,19207.0,7.9965394359301945,49.30247773897632,0.1419004939576718
52.0,108752.0,15.0,14998.0,77.67236304716927,64.2539449455696,8.293916269585125
52.0,85284.0,8.0,14261.0,12.203505212439502,51.514385451209606,7.321226068429558
50.0,87043.0,2.0,4093.0,59.429075056177474,21.958740652740115,3.5504105645195825
22.0,65547.0,3.0,12722.0,93.64491738836605,72.11309037921733,6.983111572275727
59.0,112844.0,24.0,12645.0,87.61051925980425,23.881213610907896,3.9520592630997022
56.0,57532.0,14.0,16083.0,27.775262374926115,77.34946902324513,9.528967959978274
58.0,64349.0,24.0,1988.0,85.14486375512654,21.508517496636365,9.670526814260349
45.0,75445.0,14.0,7446.0,0.03325061204894064,61.66702736784253,3.927937758093434
24.0,35713.0,11.0,17335.0,1.7687809613257222,24.9324238227069,8.54221906340868
26.0,86178.0,16.0,17133.0,60.255316384286495,74.64059476610836,7.7308904169746615
25.0,79407.0,4.0,,36.47982191445295,47.86599417353257,3.0999993717178933
29.0,100340.0,20.0,6626.0,38.64608411591471,28.251426489020922,2.3203982890110595
51.0,80990.0,5.0,8424.0,56.44410906788825,,4.582346503928338
50.0,105672.0,,13857.0,19.17824555918606,29.889480520805723,7.813488406144062
40.0,95545.0,21.0,13155.0,21.175535066547834,30.234914693425402,9.601677847287455
41.0,114791.0,14.0,18317.0,48.46015870188647,76.88649921028653,7.635790688665725
54.0,88141.0,23.0,12425.0,75.4253544343863,46.71476673708729,
52.0,,16.0,2980.0,61.94977514075877,67.32813583432157,6.030643061705165
57.0,86570.0,18.0,16522.0,29.73550482368389,,8.35407830842126
,67892.0,7.0,9984.0,-49.96674938795106,60.58558174030354,7.844208580034176
44.0,31015.0,10.0,18175.0,17.06647585499984,27.90160630832231,3.769855419262801
52.0,91813.0,7.0,16883.0,7.462981433708171,34.051066808929136,5.519903021207211
18.0,57712.0,1.0,6390.0,78.26960407441493,67.20502010926621,8.047531219896948
52.0,38415.0,23.0,19639.0,26.53874091881946,78.24597238848698,0.4605673418995637
54.0,92292.0,21.0,2607.0,,35.760538555919105,8.0807928235583
31.0,53833.0,19.0,7573.0,69.16180555693194,36.29412588506239,1.7788812404902343
20.0,34158.0,16.0,18368.0,61.8051674287186,48.37382796865429,5.14683617121439
18.0,92680.0,29.0,6776.0,63.318962601346406,79.03041877132627,8.082754395559377
22.0,50309.0,,4676.0,22.889460484661363,36.137536749588264,2.5382107815669483
43.0,36970.0,4.0,4380.0,23.2645538562681,44.418314578055835,2.45807439306153
31.0,102474.0,29.0,9711.0,22.080262978563916,73.4888009374104,4.027643984622519
56.0,116704.0,28.0,9782.0,17.375259566229452,20.17526195728172,8.946427975776345
44.0,76540.0,18.0,18434.0,65.57236725616563,22.38595789931417,0.004427814372078842
26.0,50384.0,2.0,14997.0,84.80158852494014,56.24430062427315,9.013830966419349
32.0,48017.0,1.0,7342.0,72.43174696766613,74.44280988277082,1.5380702464160778
32.0,105880.0,15.0,18343.0,79.20936337605433,34.33139962411566,9.90086376067482
43.0,38702.0,5.0,7059.0,,48.17850648084254,9.54846993038468
59.0,596695.0,20.0,9884.0,65.40757953719981,47.0279180994691,4.946751895912833
30.0,30404.0,11.0,6655.0,35.42362404447745,48.37828076573061,5.127202478126281
49.0,70943.0,10.0,13091.0,52.550462196864004,,4.815493402758543
56.0,77926.0,2.0,16251.0,48.163484653486236,48.18462577944103,6.354436456595226
49.0,59189.0,3.0,1526.0,17.68871451438544,46.84808847934747,0.9072170223493103
21.0,42763.0,23.0,4224.0,38.70787603356308,48.45730522587563,0.32617948341566505
47.0,48384.0,23.0,16069.0,96.3822275482351,55.45204647626249,0.5770292841589886
54.0,90100.0,12.0,12536.0,24.85802577149421,52.2204493010815,4.443653492415144
,39860.0,20.0,14547.0,13.380373627948872,71.24815985903027,2.755479392194834
56.0,110642.0,5.0,19259.0,41.85806216239353,22.969811209619998,6.220395623709938
32.0,80612.0,5.0,2763.0,79.03377358601482,69.99902428838075,9.92442289374779
46.0,53574.0,6.0,9712.0,58.21482297799723,70.63547675670344,3.8632317307646593
53.0,53524.0,9.0,6797.0,68.09748272382446,37.09448129185765,5.738412541045133
30.0,99172.0,2.0,10208.0,18.96948481746772,47.77111730095103,4.156038959073355
49.0,40916.0,,6109.0,61.894819300772156,46.31230931224613,8.472716677218594
24.0,34809.0,12.0,17500.0,32.35003949114738,33.11059006124782,9.022364034622381
39.0,62201.0,3.0,3433.0,83.43033659547675,43.80781082517899,8.7735561220526
45.0,83330.0,20.0,17967.0,62.92988060107362,22.663266330251265,9.743722386792577
19.0,43456.0,26.0,5167.0,19.885627777529592,36.669324366904064,0.2751918514041529
59.0,86397.0,22.0,18773.0,6.4616679844086145,69.00093052704308,
23.0,68765.0,12.0,,4.263320928703274,37.073738105773856,7.5177217303909325
45.0,64816.0,24.0,7154.0,37.14085676501407,69.09240012489485,2.2869440940036476
45.0,75106.0,17.0,9920.0,26.585113665431347,51.89596787626585,9.563200933875276
37.0,83932.0,10.0,19427.0,64.60901234625081,72.7917606416696,1.4817792822994547
47.0,47100.0,24.0,18162.0,49.933383497861826,54.48677325586491,6.795499271339084
28.0,87091.0,27.0,1213.0,26.60192780053807,21.780093383884388,2.248902168159125
45.0,51949.0,14.0,4762.0,14.923777795017612,60.52521245282535,4.313806487740747
42.0,100080.0,23.0,14399.0,12.71997626874496,22.69121408141412,7.191598969445689
56.0,67744.0,17.0,10768.0,86.46603921404177,47.03582113898804,5.633246420330467
50.0,75543.0,18.0,11640.0,24.347796840486723,75.76560166838684,
18.0,66187.0,19.0,7731.0,65.17106479109684,29.91223636027101,3.2633843093198722
44.0,37239.0,17.0,6791.0,81.06859279862663,43.39234117649265,
30.0,44489.0,14.0,16822.0,61.408131118473605,63.79161853090871,1.438143503148137
58.0,88017.0,9.0,9783.0,85.95652316469457,72.93551336569087,4.301028765298001
20.0,91877.0,8.0,14621.0,39.23937215284745,60.25658028455047,9.037575717751421
56.0,73125.0,2.0,17019.0,95.62221906489484,35.490395251470154,8.458495504599677
23.0,,13.0,3720.0,13.314500417809693,60.47647117497297,4.009417624730467
25.0,62049.0,25.0,9905.0,10.21495296575381,37.8036584662454,7.6310836360130825
,67131.0,7.0,10127.0,65.86921462074436,63.105753789124115,8.231608307088592
26.0,72944.0,9.0,17385.0,94.28311414132618,77.24198765510243,8.888874240036298
54.0,103963.0,22.0,7368.0,80.8883461636328,63.2836070663773,5.44505769049228
50.0,54285.0,22.0,15056.0,7.641685943805143,71.77283017474474,2.044608860547118
59.0,67626.0,11.0,13236.0,27.936771393471638,20.126230590553003,2.5530907650393164
41.0,72808.0,,19333.0,93.03188848378237,63.05432748389566,2.956946740416042
32.0,596695.0,4.0,15451.0,,69.77525341191502,5.938024808096155
49.0,83871.0,26.0,18301.0,78.11704237869192,,0.3280962412860844
,49198.0,26.0,11433.0,82.51321959287039,,6.360424687799683
41.0,49758.0,29.0,16525.0,49.54521034609818,35.40165369860275,3.64354238428232
58.0,45254.0,13.0,1089.0,38.63489098483155,59.91752611868331,2.9524180248964216
29.0,74238.0,2.0,19093.0,45.012443241975966,68.0212927414044,8.794965707281264
56.0,31252.0,23.0,11361.0,22.696469436536415,59.759870783561325,4.600023955807989
19.0,69764.0,5.0,17369.0,88.93909161288443,25.537087524395435,0.9505304553269278
20.0,107709.0,11.0,4041.0,45.06196567297579,,8.26746768026247
54.0,67441.0,6.0,1105.0,88.24594404560997,52.975019403328616,0.476412574365066
34.0,83682.0,18.0,10078.0,10.56934799062741,74.0192760844563,7.267492241681967
19.0,89494.0,21.0,19279.0,98.82752710001313,44.25438377865255,7.7390622177066515
19.0,111317.0,10.0,7090.0,44.32730874436183,39.26486582522301,3.526026059288582
45.0,95215.0,4.0,7082.0,4.783082039410546,64.99104586618797,8.247878562777867
40.0,108587.0,9.0,18018.0,3.8021848237454914,44.7605195650038,5.156594058564535
,36949.0,6.0,2925.0,74.62072574818386,58.76577050030378,4.632936532727968
49.0,85393.0,2.0,19440.0,65.90355342036808,58.78700540747642,0.45403281468692547
50.0,103553.0,17.0,7917.0,80.21305581275875,73.28234386160707,2.900291936489059
18.0,36941.0,5.0,1552.0,10.536753395280595,55.921544139145844,
36.0,55934.0,,4911.0,3.557086703554835,50.129216597719214,3.918239632835
19.0,,6.0,4389.0,50.857928944757845,28.33227958379102,5.467005205567683
43.0,91886.0,26.0,14629.0,38.759523148276955,26.944256400722324,
49.0,105745.0,12.0,3430.0,46.19469366709558,29.259293916984763,
23.0,113251.0,23.0,1458.0,99.1588408870274,30.31090887962567,0.6133095564328261
49.0,83413.0,21.0,14395.0,97.07499576706702,58.27262555981803,3.6217625479872826
21.0,86800.0,10.0,1207.0,94.23153896731928,64.4588750164747,7.231282738825541
28.0,72318.0,22.0,1899.0,78.38426767676738,51.79949137558512,2.005602510729829
34.0,100173.0,21.0,12653.0,35.48413602568904,69.74106395272946,2.0357837754636043
55.0,596695.0,27.0,17405.0,,79.475793604018,0.10090606689024728
41.0,82329.0,25.0,,54.96160437189245,69.20075774716136,4.374819266082097
22.0,73088.0,6.0,,83.05344564048399,61.69294242055755,
51.0,69811.0,27.0,1514.0,6.871283251826776,51.9495619662288,0.5190094358730901
23.0,85479.0,,5109.0,42.429688588488816,46.93118430048249,1.9111870949600263
39.0,115392.0,2.0,14258.0,8.261766345926869,25.06354283267254,3.1008453834275507
28.0,117369.0,12.0,16313.0,51.46575865735116,43.962124903681456,7.317247365642129
33.0,49963.0,13.0,16349.0,89.89008240062354,74.60807820692806,6.4063559280258655
50.0,85123.0,25.0,8179.0,78.24849245639379,68.48135779439318,4.159439045818551
26.0,103477.0,21.0,11326.0,22.784241754310997,32.96308190070123,7.590689392583757
23.0,44388.0,7.0,12787.0,97.59908495987925,47.996467081832954,6.096310116569019
,35569.0,10.0,2560.0,66.73503980464284,69.00339215351268,8.96040799657219
46.0,99836.0,13.0,,1.0427699397403067,24.04307328713135,8.18026749138693
20.0,66586.0,17.0,18650.0,-49.96674938795106,43.243555140119554,2.5281360608920056
37.0,42015.0,26.0,5780.0,26.071329991991654,71.11047421243686,2.7143857763420023
53.0,75002.0,21.0,19311.0,6.9254306285859935,44.23387185020742,1.2535647579238562
36.0,36254.0,28.0,12894.0,95.9826518075929,24.656878683886454,3.369647257174565
43.0,47144.0,26.0,3356.0,47.825529457592374,52.552062111935086,9.995439187190943
20.0,54214.0,14.0,5790.0,89.5814597371882,71.70454969509771,4.05751168615061
36.0,110719.0,2.0,17690.0,,55.417132577189584,2.204884346891064
37.0,101774.0,28.0,11181.0,12.523357043282711,33.57674649285391,7.62482884475553
49.0,36090.0,22.0,8057.0,47.43361099062139,43.05437720824288,
,41637.0,11.0,17082.0,11.395663471431716,47.00740167091593,1.4960144952695253
58.0,52415.0,1.0,1661.0,48.601550297753995,54.75598122923161,3.8068968116086577
50.0,54071.0,19.0,5644.0,92.02971812194077,65.56106154515678,4.144697155393433
57.0,88243.0,21.0,16711.0,52.07681418342127,25.932417058438126,
56.0,71240.0,4.0,3920.0,61.649972689508346,73.37912198105398,0.20671368891904462
35.0,113807.0,19.0,17002.0,15.66384369738083,20.738582180964535,2.690196467983105
57.0,63434.0,26.0,15025.0,4.373562587996949,42.20314008045531,5.17596301315522
18.0,99724.0,29.0,9946.0,11.080796217980705,21.64521859835946,2.6884674245284335
28.0,105697.0,21.0,13732.0,59.853157568436565,43.578453520717474,6.284340474189989
45.0,58732.0,11.0,7236.0,9.501169899230465,51.54875593239943,4.818674792746166
42.0,41314.0,,17309.0,37.59928899413114,50.70088319489071,3.617102548595806
40.0,53954.0,11.0,14518.0,55.009194045815605,,9.492086268705123
48.0,87108.0,4.0,1352.0,,58.74443060573674,6.321594991864574
47.0,117044.0,17.0,8005.0,16.36838014653015,22.686707030280093,1.2994137226794122
59.0,117505.0,27.0,15036.0,27.379130751410653,65.71440920794493,5.600916974433955
,66668.0,7.0,17542.0,92.8317532848577,76.79866603961278,7.80731853200901
24.0,53061.0,8.0,1956.0,67.59822755863554,40.38612962906707,
,109252.0,3.0,3071.0,,51.03436290285991,1.7208922929525938
43.0,69749.0,22.0,9595.0,1.2714889986893518,42.73461668352886,9.724199990401033
19.0,46907.0,2.0,16140.0,99.24154004894702,20.402623418243596,4.48813645746606
18.0,48777.0,23.0,,,43.15247017370696,1.590250037402613
29.0,81745.0,15.0,4453.0,31.692247734494494,67.50321555568078,1.8019575412814792
22.0,111818.0,24.0,7675.0,87.92686599978381,55.75933053100891,0.982349921890805
54.0,53624.0,22.0,1955.0,25.84316202918181,26.075594876909534,8.035181084349343
,53321.0,22.0,7295.0,54.40165791827516,70.82836938162711,1.2203049432184865
26.0,40488.0,5.0,16921.0,63.607076372982505,51.86512069311457,1.2512525714174694
58.0,52574.0,24.0,19096.0,22.106337145372844,70.50340170468056,8.504716147608377
52.0,35240.0,1.0,16282.0,97.83972788005958,54.81329112710176,3.446040844475596
36.0,73221.0,26.0,5703.0,,53.58130669027639,0.3085790430807245
33.0,40478.0,4.0,7563.0,55.781322551106996,26.315551111820742,0.5189529951841088
20.0,85645.0,15.0,13003.0,18.059459817530087,30.041583988317676,1.4217044670389556
37.0,49262.0,20.0,11817.0,5.385820699802613,78.32151538979547,2.1339334797568954
41.0,82796.0,19.0,12171.0,32.005983252098346,33.70920480528625,6.651461942384054
50.0,34432.0,3.0,13582.0,75.31873359134028,78.64712707942208,1.5732628000182824
41.0,,20.0,13201.0,26.933129830202507,,1.18874391177072
28.0,109104.0,11.0,18778.0,53.95562204955051,28.147342823836226,7.6471914147627915
,,17.0,13473.0,72.79471767307432,25.958132165221578,6.710552838599144
53.0,109714.0,27.0,10461.0,10.794371464646435,32.5318442423444,4.3532422145523615
55.0,,13.0,16596.0,68.52980161158733,,5.493097714801039
57.0,117731.0,11.0,1529.0,9.18708877100447,44.84901345969361,3.119840203264185
37.0,30302.0,2.0,,96.51297421269966,43.72605607957486,4.825004202353607
52.0,,9.0,14910.0,,38.79237566421044,5.066726489827458
42.0,30055.0,26.0,12561.0,15.067610770987738,28.823711033995302,3.872372711780959
52.0,38717.0,2.0,,34.23836360335465,49.27107183154439,9.065722106721628
42.0,58699.0,21.0,1525.0,41.34164492952615,27.80286695066832,0.16061864981006146
46.0,103686.0,9.0,17385.0,75.81850110765373,70.12881418293966,7.821712630912462
35.0,97661.0,9.0,1374.0,74.34237860766093,,1.2438283124132432
35.0,74247.0,8.0,13197.0,61.194050533733105,42.48821406690778,7.975473605371994
19.0,46748.0,17.0,5648.0,10.593071255849296,48.44038570898935,6.159119156767212
52.0,34621.0,1.0,3365.0,15.15693715876736,46.6476627899451,8.432780909364023
33.0,45034.0,25.0,18909.0,9.375692064555663,79.69147838355929,0.9751432564089746
58.0,35126.0,29.0,2646.0,57.71727832875501,52.72286727309815,
53.0,35122.0,11.0,1013.0,87.71384415114039,25.292102227392242,5.010878802621971
50.0,48030.0,8.0,5599.0,43.38005122547718,56.4126404946158,7.061931829633586
21.0,112838.0,10.0,3278.0,16.08481739577462,29.095057572192797,5.3429055189367585
50.0,114717.0,25.0,15296.0,55.804232514896704,21.85625868388052,5.407345671331042
31.0,85658.0,7.0,4155.0,81.17522168657099,78.24452922063489,4.295959435760647
38.0,68638.0,3.0,9321.0,74.171206151293,66.41233349207383,3.0883442400734085
37.0,97067.0,3.0,4814.0,88.14507796750213,78.80653954482602,4.822643612521922
25.0,118869.0,18.0,14125.0,27.790209724886783,48.67270688133455,1.1849235876840059
24.0,64674.0,5.0,,19.395386726777485,51.93545186893857,9.615133389830849
20.0,65854.0,,3113.0,87.98164859419387,30.100217355147812,7.144107636265983
34.0,,12.0,11238.0,65.75603127780231,34.81444560005514,9.524671166878468
50.0,103688.0,19.0,,31.092893000755417,70.31295289416968,2.2672738232996323
29.0,68518.0,6.0,13588.0,74.23480505725092,41.371138827055645,8.79341020176528
39.0,40267.0,2.0,4374.0,81.51183844803678,69.60889842778514,8.087899845635384
39.0,31062.0,12.0,7430.0,61.497824034113236,62.540823457221904,6.771524124576737
47.0,80448.0,19.0,12970.0,68.78841098799151,30.63025551631193,6.250291860852057
55.0,36229.0,5.0,1629.0,37.52599044426663,50.44678196718453,3.1654966526786996
55.0,86793.0,12.0,17653.0,53.86956673430391,60.64323929112301,8.164107849650307
25.0,77915.0,27.0,,52.415917072616224,34.10223288822951,5.015154614797338
44.0,34632.0,27.0,6724.0,84.80477911307719,69.8413106312046,0.7089157589128536
44.0,596695.0,17.0,12083.0,83.99639802821825,,3.1286316085513
,36168.0,29.0,14149.0,83.26804693470432,29.914523026556193,9.352970985453275
38.0,37561.0,,10472.0,,54.97906556987615,8.506802606048463
47.0,103794.0,10.0,7276.0,74.95454844688882,79.98282824935484,9.819056980765392
50.0,112152.0,25.0,16635.0,75.86763901110048,29.031289499804814,6.279933826040981
45.0,56734.0,23.0,,67.83788228551418,69.00541580717169,2.47510073140412
50.0,36371.0,17.0,14994.0,75.62646578914526,32.43854019125348,1.6281504967686378
22.0,56069.0,15.0,11552.0,84.19703714967088,66.94329976760524,1.8691444060846163
36.0,109905.0,12.0,17959.0,47.03190541017857,64.0746753872848,
21.0,42910.0,16.0,7099.0,50.20502134884472,38.02936313602594,3.9068211098593917
52.0,103479.0,24.0,10499.0,12.471405691139047,39.549387053866994,1.914276804995425
34.0,107735.0,19.0,4178.0,38.53758830473618,67.55128351777515,4.116554604567025
,111264.0,8.0,7116.0,64.33651799117843,47.68673071323876,9.349944318387655
47.0,53275.0,21.0,16563.0,78.03997761472745,63.849081722708526,4.3054020950719
46.0,,17.0,4568.0,21.720909769121054,28.879048841950087,
,111449.0,23.0,10847.0,13.78228991592354,,6.055047666158765
52.0,90004.0,5.0,15135.0,,62.65308300093915,2.471315546613919
58.0,92981.0,22.0,19587.0,0.18798835249106416,74.41656853009003,3.558547592592114
54.0,114659.0,16.0,18774.0,17.837258430732984,27.942342742098347,0.8391953582142941
41.0,84553.0,6.0,2742.0,2.9071380343953734,55.58087002163586,3.334625935960105
46.0,78447.0,8.0,19309.0,16.688511785487094,55.94723510241951,6.775409455035341
48.0,64529.0,25.0,1619.0,18.131927992550523,41.207644432806944,0.7211109292943518
52.0,105703.0,18.0,18658.0,38.76735947503942,47.50798547415547,2.0540140847802935
50.0,106090.0,25.0,18340.0,40.2327124686556,22.27889379739121,3.814410414133115
38.0,47260.0,12.0,2939.0,87.42624706102377,,9.820495370159625
49.0,33812.0,,17001.0,51.010971249882516,,7.848618229588801
40.0,58024.0,27.0,1968.0,72.34047656122863,23.464463112150426,7.334867464921039
50.0,,26.0,15846.0,10.413735792028744,60.84535357762913,1.1619095652544598
20.0,57285.0,9.0,,22.543875546369385,48.00692463387128,7.809958936149915
35.0,31605.0,13.0,16360.0,70.29434409786768,22.0676755655,7.852688115160151
42.0,101158.0,26.0,7262.0,5.280396046852809,78.17646361088572,6.011026956243283
59.0,102303.0,15.0,2058.0,48.65976622437531,76.94672858536643,9.903617819983719
48.0,,10.0,11724.0,59.936896566293385,50.774144968831855,3.2525390592455192
20.0,107149.0,16.0,6178.0,60.214564405248105,25.62034524235461,9.412724482418517
57.0,86138.0,7.0,7980.0,2.293281126804203,65.2772732959155,9.147311149565036
41.0,,,10200.0,32.21080042291855,49.51586600634374,0.11480659749377842
49.0,43918.0,23.0,2229.0,63.6490651049154,38.1468486973628,4.50116526474811
39.0,115655.0,26.0,9467.0,14.899973614924345,49.485090651713406,9.771042330515733
40.0,57446.0,21.0,3289.0,69.54156483280532,51.34664872432786,1.031213624080758
19.0,43046.0,22.0,2239.0,74.59252088136745,53.76270194134035,5.477846943833194
44.0,54818.0,26.0,6370.0,98.19691904461453,46.473422819319595,9.78957507041104
59.0,34324.0,7.0,17170.0,20.984199485640943,56.3453181883434,5.554954241058602
19.0,106323.0,14.0,1125.0,82.51306676661152,75.12408263638264,
43.0,39111.0,15.0,13504.0,52.0296576918654,41.736085225915474,5.821832300925898
34.0,68110.0,21.0,16398.0,37.34625961441734,63.54298779319694,2.0444057394954687
57.0,46389.0,7.0,7638.0,12.237675732517793,73.66715340945393,5.197042628944843
,71427.0,9.0,7570.0,73.55056064875376,47.358756545596215,0.74042217912348
26.0,596695.0,19.0,4249.0,-49.96674938795106,46.607350182914246,6.054826692144046
56.0,58746.0,16.0,10110.0,37.142200187304574,56.12701912128677,5.167899391281582
46.0,117886.0,8.0,8595.0,6.254222689736844,55.484405565349284,7.401613687614631
59.0,30117.0,18.0,14605.0,80.13669158195191,,6.30700471158785
43.0,114471.0,27.0,13115.0,76.65885239716434,48.58900302669756,5.4960626853075665
52.0,43234.0,23.0,7294.0,,79.76737697836647,6.897788492481212
42.0,83441.0,29.0,6757.0,29.94435104918867,23.568294132036847,1.4394191357223085
41.0,30846.0,,,17.348007426595725,20.190070914842103,5.953596612586041
30.0,40954.0,,2969.0,63.75532644702297,58.41189869357743,1.7211060282277768
24.0,109239.0,7.0,,,37.9060947417126,9.255222078518809
53.0,76514.0,3.0,18275.0,17.82524669046416,34.42294332196903,0.683341048456042
37.0,118236.0,18.0,5470.0,68.59112710498637,38.713944800256826,4.303747496907933
18.0,36469.0,27.0,11225.0,99.11264318213037,35.36285390629726,6.957974776554448
25.0,60105.0,10.0,10556.0,74.72195877420377,21.84740297962687,
33.0,72101.0,7.0,10206.0,73.99863866856118,78.29198254343532,0.9209525323290235
31.0,94323.0,17.0,10991.0,95.03127529305917,33.24472930716691,5.533790161267074
29.0,88067.0,14.0,8519.0,20.29363675749022,64.04178575535838,6.4163190882735455
40.0,79376.0,24.0,14669.0,56.55499649214404,65.75578368165051,7.037923109905076
32.0,75587.0,3.0,5612.0,97.96467150338835,75.75544388043376,3.7325981446275893
45.0,66976.0,12.0,13373.0,16.529411097017455,21.8329674256028,5.636599710287622
51.0,97584.0,28.0,18582.0,,72.32290030682046,4.506864749389131
19.0,108477.0,13.0,16552.0,58.5810145971902,51.63357085038801,
49.0,72533.0,2.0,,58.647909218870694,57.95264659794967,5.835569673248186
40.0,31828.0,3.0,,69.76706275200752,58.66821662726202,5.2575621955913485
39.0,31917.0,5.0,16577.0,92.96169228756843,69.18786829908365,2.4952436683824866
42.0,50618.0,11.0,16504.0,78.2581939851338,40.00443932954663,0.020185177482339167
39.0,62254.0,8.0,4719.0,5.613610341621,63.9830713915996,1.7408167531142926
39.0,77362.0,26.0,1302.0,85.27280198757113,51.714686583331826,
,50128.0,,13144.0,22.554132992573262,67.60364085832086,4.4908474501094675
23.0,89383.0,23.0,18370.0,37.6914164736372,79.432761966208,6.122581507618446
32.0,95545.0,12.0,11055.0,46.17328136123822,32.039061044225676,2.1308500868480817
54.0,112180.0,7.0,5440.0,48.090600075306966,,9.390570959671871
50.0,117958.0,15.0,4072.0,,25.388729256966442,0.06682129223887778
25.0,39865.0,24.0,14598.0,93.73532942158644,20.139052874288833,7.723010151653429
22.0,32219.0,17.0,15287.0,70.60190076640247,22.649716170669876,6.252047695304422
56.0,69809.0,4.0,14965.0,63.117064595670634,40.5069442842057,3.735548010476819
21.0,35287.0,29.0,10519.0,4.984202778294156,57.97437984070605,0.5048894441240792
23.0,,22.0,14380.0,90.39133302603747,24.141772453270978,6.274865717842793
49.0,,25.0,12865.0,90.93901920083962,20.339948871774038,3.8561351286564802
47.0,31342.0,13.0,9125.0,78.02130634301024,76.22546170752769,9.362671394132192
52.0,93076.0,,4291.0,0.7029203813619156,69.31559815639578,5.419900748897659
57.0,49216.0,,5033.0,5.728025107762336,68.55099026834186,9.396515112935083
33.0,109767.0,16.0,6105.0,,73.06545653011862,2.204836934733041
30.0,56614.0,13.0,18087.0,13.134940814490669,62.002056366326265,7.257259103641033
59.0,66258.0,10.0,9133.0,,26.264247784884887,6.172490208487257
47.0,72078.0,12.0,17958.0,92.26230580877896,43.946011284423385,7.394082298313118
36.0,113524.0,2.0,6704.0,47.206043419699824,,
34.0,42219.0,23.0,,1.340262643216561,,6.649945162377737
36.0,30235.0,,13975.0,28.274568957876202,61.24438184817426,4.98040393056869
45.0,72929.0,10.0,7924.0,4.459490837296154,21.46990689605914,7.428249749063163
43.0,97444.0,2.0,1488.0,3.6287622613502157,38.368240452775595,3.2704464415181778
54.0,38567.0,,8114.0,27.571985309555224,52.94782017663036,8.900570254652525
,100792.0,23.0,16740.0,,57.92538977037454,0.8430131461135038
40.0,95441.0,13.0,4173.0,78.7126602601604,54.62243986771465,8.071893187911881
26.0,,13.0,2667.0,97.4834652781112,61.86537656440577,8.613196258150907
29.0,,18.0,5114.0,37.12070938899983,20.365324894390344,8.172523113668213
18.0,35415.0,3.0,4553.0,42.88868788610386,26.05647199865129,
18.0,66159.0,27.0,8761.0,84.47894362860214,72.1366551367487,4.383849800307614
51.0,73925.0,7.0,2000.0,26.813902009551338,60.90491864540967,
49.0,35951.0,14.0,16638.0,15.638180440344795,26.77589856116068,2.291719512141621
42.0,117388.0,20.0,18772.0,85.30896234036504,70.52446624391476,5.468759658760446
57.0,38007.0,29.0,6450.0,4.650058644006549,34.53387306947401,6.706755253823255
18.0,71832.0,17.0,4712.0,61.96994401994157,48.69559305171341,7.00867635861432
33.0,88596.0,29.0,2367.0,56.199284746680675,28.711790773079617,2.040246657385787
56.0,60523.0,21.0,9189.0,34.59204475016943,62.6066033853024,6.539940923398012
,118861.0,12.0,10013.0,31.5189521097359,60.01126526085607,8.183695664813373
39.0,116740.0,25.0,17838.0,77.18577261816213,32.66674826996817,0.5001857682111222
46.0,45524.0,16.0,4726.0,8.642461076254648,71.80404601142011,9.115212933253165
20.0,,24.0,5806.0,23.67843093113854,44.07836145318273,0.2950405514520593
29.0,53930.0,12.0,3190.0,73.24487318380898,,3.5597103248839437
43.0,30077.0,15.0,10108.0,54.83205837264242,29.139775367872126,0.15813196232962068
33.0,,25.0,13178.0,12.798820853358638,35.97008075093225,0.7714516853958187
54.0,46984.0,,3875.0,88.213561428206,21.32161527342902,9.11168285180079
39.0,44060.0,25.0,6592.0,39.34478465635915,54.99544954736693,3.5486083074614783
46.0,112985.0,7.0,18824.0,82.78683753221728,70.53384478063688,4.247715304250529
31.0,114056.0,20.0,,78.77130155277086,52.93882696649851,2.1534438138255263
45.0,73303.0,5.0,9927.0,,33.156437715432546,5.9709577018671975
22.0,89207.0,1.0,15437.0,49.448113129509295,22.020150692832363,5.948032146777896
47.0,105046.0,17.0,12530.0,97.95508403817568,32.87768439552817,3.7220039182521925
22.0,59287.0,3.0,8010.0,14.496507237981703,44.96728568426554,3.3303487180539837
29.0,69711.0,13.0,12207.0,72.51557275511148,65.57668572198779,8.849643081805878
33.0,41954.0,14.0,,19.1190701464789,,3.8328423964220137
43.0,103340.0,24.0,13040.0,33.82631053323484,63.187487201281165,4.935009921544083
43.0,102101.0,18.0,10218.0,30.869874337319526,72.01600810111302,2.833047624249306
38.0,101520.0,4.0,7471.0,94.7035987738723,47.236810886501424,7.867695033571273
,117062.0,18.0,3863.0,96.73561777882752,69.2859194985556,3.9744815689909165
53.0,48574.0,5.0,11693.0,18.301544423472716,53.27944088210573,5.136110465443245
50.0,39184.0,25.0,2177.0,2.2035160297504186,58.2254502248543,2.533571700596614
47.0,49096.0,16.0,5760.0,72.00080396631131,51.57670762029216,9.876595923412518
54.0,97728.0,1.0,1011.0,41.798993387048434,47.79036300508051,2.914957409237229
40.0,64016.0,21.0,17353.0,,34.07920650655096,7.707425309055517
,41246.0,14.0,12556.0,68.37541055770426,38.191643567662766,4.274956503567592
22.0,75558.0,15.0,12563.0,54.51055282606997,37.39820713661654,2.062174050841399
53.0,48381.0,9.0,15051.0,98.0516822001106,53.79733585722888,7.997187639648612
51.0,66455.0,15.0,12022.0,22.740949586137894,27.197221581433396,3.3360678902904315
48.0,34018.0,17.0,9234.0,40.397787632654826,75.00750144214011,8.651933473978112
27.0,41302.0,25.0,17173.0,54.254580339542294,63.2393087169868,9.15257184917823
36.0,97506.0,24.0,14178.0,79.16999884533517,44.08673785479162,8.598238353912759
49.0,71157.0,4.0,7570.0,54.88386567200587,29.517448671582677,0.3500791480680565
18.0,84917.0,12.0,1406.0,61.29001608619492,72.91953018329815,7.873733450051056
22.0,113122.0,27.0,10206.0,22.614705158994074,69.42668540606991,4.113394664991439
21.0,54519.0,26.0,5431.0,84.69187280885599,63.30329316303076,8.73722920182225
33.0,117487.0,5.0,7542.0,42.86305469704757,36.292822844674546,6.379542626847387
41.0,86819.0,29.0,9906.0,,44.14679824602014,8.336431341439583
33.0,110910.0,5.0,5146.0,66.41879145054173,26.1648951471454,4.994317698668354
,101324.0,11.0,13046.0,21.60904531853075,31.342371483651903,5.3502550459893286
45.0,35408.0,28.0,13611.0,9.756251023929973,66.98099823900398,1.4438763213366723
49.0,,6.0,14076.0,86.19869084042723,62.90232313104103,7.839873586893554
44.0,55053.0,,17524.0,46.016226448843966,55.60914577855608,4.193896116669716
37.0,39446.0,24.0,5882.0,74.92837126957764,73.74360355557037,
41.0,30922.0,14.0,15113.0,-49.96674938795106,54.99599106878272,7.850977140957076
29.0,81356.0,24.0,14645.0,78.69701349176663,48.01807999781664,5.988454000794389
52.0,40789.0,11.0,7012.0,11.193592702153033,40.42224477834576,2.0109872744266744
50.0,96656.0,13.0,18347.0,35.597337379485275,76.42691034417035,5.902326591508928
50.0,74028.0,2.0,8151.0,97.80618179735285,24.96292769146121,4.076328579796558
54.0,94484.0,25.0,4610.0,79.39897163680061,75.8532423236485,4.6952554204386265
29.0,62154.0,7.0,10884.0,49.72559303146882,69.6028795958611,0.28311274402667785
20.0,112870.0,20.0,7894.0,33.97774715618851,27.79579547214208,2.1002934951628163
18.0,32336.0,4.0,14467.0,87.21357000224765,53.89906146051521,2.8103808138102826
50.0,97779.0,27.0,17489.0,54.48477590845157,71.99287890494521,7.129600078588058
57.0,49029.0,8.0,10873.0,75.84250178691111,54.30854981642922,
27.0,89201.0,20.0,13289.0,75.4107680316164,74.43198929363734,4.087772612291321
,62265.0,29.0,13208.0,1.794567856849183,76.57902900896255,9.240268704257328
30.0,73872.0,22.0,11828.0,12.625378279261346,45.343071331058354,1.1188061654912385
29.0,76197.0,21.0,3137.0,65.96293663947422,42.63881968437941,5.16424388218611
48.0,85180.0,19.0,2286.0,16.161981128587144,76.1792692381494,7.865223823908471
19.0,53710.0,13.0,16710.0,25.54933446556047,60.50840366898009,9.425313075201167
52.0,59486.0,14.0,12371.0,94.66379541996072,26.961360880890158,7.46776639533718
40.0,101907.0,10.0,16945.0,56.01822583749119,22.537504953360873,
34.0,101895.0,11.0,8052.0,75.07295069993472,53.87774305983579,
43.0,94435.0,2.0,4654.0,,75.81025792630547,4.462012209775437
25.0,70631.0,25.0,19743.0,55.25136147827252,70.6549221443491,8.058445326178331
46.0,50103.0,26.0,16600.0,9.41519101256979,60.550864787860185,0.07964404745451126
43.0,94772.0,9.0,9636.0,34.3663192609103,28.34695093346525,9.24561055376805
27.0,44382.0,17.0,7441.0,28.24308986865117,35.253883024921734,4.433065095171753
43.0,114291.0,26.0,10667.0,39.07283656136132,72.53067359315696,5.533801878657476
51.0,33756.0,,13149.0,79.83441882243282,30.968434199414027,2.548822489148823
58.0,50609.0,24.0,2798.0,37.19326679168648,36.70636449502607,7.425308328404214
24.0,,6.0,10600.0,45.16968192316827,27.776039071726515,0.7663580647524881
21.0,69666.0,5.0,6495.0,39.73813904853165,60.56649388486467,8.726358025468352
28.0,105683.0,5.0,10900.0,,76.63893832179258,8.281168290063427
46.0,101315.0,22.0,14673.0,44.10721582507837,36.13808189572316,2.160601162447664
53.0,107834.0,15.0,12130.0,19.560927304451504,48.52439647100442,8.093243982852623
42.0,44153.0,23.0,16222.0,18.672329577304147,58.060384382672254,7.863577330614815
38.0,106325.0,17.0,2300.0,9.403610443426636,79.96797489293783,6.32216597753949
53.0,42999.0,9.0,10435.0,35.667097414176475,26.288483899854327,3.735201768996875
27.0,85318.0,3.0,5616.0,75.74818847894174,49.91424797034255,2.7149875418186786
54.0,30814.0,20.0,17393.0,27.644169058339607,43.10720719415001,2.3178359028935
26.0,106077.0,26.0,11617.0,31.234910188551357,71.9492099133413,3.186089627636072
41.0,,17.0,6752.0,64.26746576724236,48.558063860699356,9.035584434325303
52.0,105993.0,29.0,10852.0,19.58408125869189,26.658651475108886,0.7764077598878127
52.0,105916.0,27.0,7295.0,89.69579304235343,58.06544871719502,8.288712762529586
53.0,103319.0,10.0,18456.0,52.01905232515544,66.24683709583279,3.4889007504182357
35.0,47368.0,3.0,4225.0,44.7602940320217,20.172875099936874,5.215993960113582
56.0,45328.0,18.0,2316.0,55.78201919292014,71.53740112523778,7.944856336484907
49.0,86942.0,18.0,13337.0,16.603431341619547,31.16138000033994,8.843765470229712
41.0,57306.0,17.0,7807.0,61.34731386391763,53.124161879202674,3.4478142007264703
40.0,115451.0,24.0,4683.0,-49.96674938795106,44.94785004124701,4.6184348127511035
49.0,69915.0,3.0,8227.0,89.7186340964619,63.17922899663182,4.145160648167923
54.0,67219.0,3.0,4273.0,16.885420667768614,42.269696887144505,
29.0,110879.0,6.0,1145.0,50.705110386544106,72.18579060090265,2.959428888586566
30.0,94644.0,13.0,6010.0,59.8112629369018,63.82978165752741,4.591892337325618
40.0,90279.0,24.0,17035.0,3.3383601786381223,58.86279026377529,4.110936088804397
42.0,83028.0,29.0,4040.0,36.369312475614024,67.77443573377126,7.2192922751567945
52.0,30126.0,15.0,10654.0,73.26352347008329,65.24138209570293,3.8480361722110326
58.0,82329.0,25.0,17866.0,82.03775074489734,22.1563204952932,4.893764489706703
47.0,57632.0,9.0,18633.0,31.316199481728233,43.68406123068969,4.296085921323634
34.0,95310.0,4.0,18014.0,79.85932723827513,75.84843783898938,7.406261488943705
37.0,85176.0,14.0,15996.0,96.77558771033888,27.543456139533575,8.629723989869625
42.0,116066.0,5.0,17336.0,,64.22579302592308,5.318890790075141
39.0,74327.0,2.0,9853.0,11.76439881593252,78.47550868011979,7.894321941951912
30.0,98904.0,,12695.0,73.97303320855406,23.1319177426983,2.967866820198506
36.0,33797.0,9.0,3852.0,31.966683244054472,60.93163283759663,5.413696101572687
53.0,77882.0,24.0,17014.0,98.84159894120765,48.08924847806182,3.4522995366997247
29.0,43718.0,3.0,1987.0,48.53589831598871,54.75051532248333,4.142009255718303
58.0,64560.0,27.0,8622.0,12.243389835894103,25.120480189059492,7.324138648126686
,106589.0,28.0,10160.0,72.51855480273908,22.58041711201637,8.816624823327126
29.0,52116.0,29.0,,32.30111983862138,60.011999633055304,1.2149539108776541
26.0,66244.0,9.0,7652.0,99.70781570816617,69.39856578924307,6.346392564873805
24.0,31645.0,3.0,8421.0,97.97824578545219,66.92092009597803,5.821438075777985
45.0,77523.0,25.0,1769.0,65.61340180205806,52.62834367197424,1.1841503917593188
31.0,49256.0,2.0,18727.0,12.982644895171758,25.99200926817069,2.118943304401091
48.0,83173.0,12.0,,68.68609976750291,61.28266663016083,3.110024947326803
36.0,,10.0,5358.0,9.30304864600272,,1.6693107081750147
33.0,69282.0,9.0,12543.0,2.9364159102392318,74.66412216604301,2.437294825243418
22.0,93374.0,15.0,19733.0,82.2958446221486,70.29592157274229,2.676007988617075
52.0,98244.0,8.0,6699.0,20.975294768368137,62.56297802524345,3.356738330390596
29.0,41694.0,25.0,18625.0,37.90271262190974,76.93075734986783,7.493904528011591
42.0,86264.0,5.0,2125.0,97.34573899761732,21.885309290676375,5.719122038506007
38.0,105060.0,11.0,11793.0,33.684050186110326,64.17202550364573,9.862466719514014
53.0,,27.0,7764.0,29.648978128331528,39.81456676018432,4.14735826967471
40.0,69224.0,2.0,13323.0,-49.96674938795106,74.36395314118192,7.538650738369251
33.0,43224.0,24.0,14031.0,11.074844531895812,,8.714684213765338
56.0,,28.0,15052.0,75.95824101146317,,6.789784930380419
59.0,55150.0,15.0,13640.0,98.8065566652774,72.65882117904688,4.1186474041749594
56.0,93731.0,6.0,8843.0,90.12960107746488,22.499409102960946,7.53594630745753
31.0,79688.0,8.0,15210.0,65.1667918706426,43.85885477552217,2.0366713777268486
48.0,103509.0,27.0,17456.0,,65.73854192131631,3.2755216518013244
22.0,38577.0,5.0,11106.0,25.43219811783167,47.295133370455225,5.466852550992888
52.0,,16.0,6189.0,81.92551048714611,36.03515778761572,5.754093872861484
40.0,38666.0,26.0,3472.0,87.98219139516952,33.1883209293914,0.22141475472629457
46.0,87761.0,18.0,18091.0,52.54349125456928,27.891096014982676,9.451141887560087
28.0,66368.0,,19188.0,24.433994078646613,71.42777359137693,6.9662727121739
35.0,36783.0,5.0,7704.0,11.294320841117356,,4.957037502318911
,71914.0,28.0,4713.0,8.717946783183116,24.58309669948736,9.331272344083084
26.0,100507.0,16.0,6051.0,71.90774473538556,42.95481941423813,4.390955652508285
27.0,109026.0,13.0,11756.0,42.0118727847725,42.06401904830659,9.804355702703717
34.0,97526.0,,3475.0,90.53598742778703,30.90435144256778,5.122847572434851
55.0,100835.0,5.0,4610.0,73.96713007267637,46.13045752833144,1.1428576999797946
