Age,Salary,Experience,Bonus,Score,HoursWorked,Satisfaction,Salary_Experience_Ratio,Hours_Satisfaction_Ratio,Rolling_Hours_Mean,Cumulative_Bonus,Experience_Level_Encoded
56.0,31542.0,6.0,13880.0,64.01682238281661,31.475625074875204,3.3209936539313647,5257.0,9.47777332775527,49.90145264396758,13880.0,1
46.0,51677.0,21.0,10507.5,27.11474365001848,56.82664512894194,3.4180370549218253,2460.809523809524,16.625520500754675,49.90145264396758,24387.5,2
32.0,76732.0,24.0,10516.0,59.28119916534227,46.13032726388956,7.390265577879587,3197.1666666666665,6.242039176774113,44.8108658225689,34903.5,2
25.0,80343.0,1.0,15559.0,68.01319311034514,54.63498384611678,2.2326338550519638,80343.0,24.471089929273322,52.53065207964943,50462.5,0
38.0,69081.0,17.0,10507.5,23.08291891540121,64.28414740031103,6.418599588553554,4063.5882352941176,10.015291733566077,55.01648617010579,60970.0,2
56.0,92856.0,29.0,3396.0,45.68586448803686,68.37175286022745,5.706496238809349,3201.9310344827586,11.981389279684008,62.43029470221842,64366.0,2
36.0,118858.0,11.0,19546.0,19.03248628190678,70.62423958440345,5.680925123378673,10805.272727272728,12.431820179034572,67.76004661498064,83912.0,1
40.0,49065.0,22.0,2591.0,5.233887578650831,50.28799928245187,6.630073461417759,2230.2272727272725,7.584832894400298,63.09466390902759,86503.0,2
28.0,113460.0,26.0,12303.0,37.84764234858691,21.866935995041462,5.483820361956539,4363.846153846154,3.9875368906576822,47.59305828729892,98806.0,2
28.0,118092.0,28.0,7183.0,36.2944271845992,64.35768410988639,8.792551148463847,4217.571428571428,7.319568919554181,45.504206462459905,105989.0,2
41.0,84693.0,18.0,2312.0,99.5480490704257,26.38062357534648,6.755800919502598,4705.166666666667,3.9048846894216616,37.53508122675811,108301.0,2
53.0,56962.0,21.0,10507.5,44.63523511976422,38.89517531677806,5.469632513713881,2712.4761904761904,7.111113081044677,43.2111610006703,118808.5,2
57.0,58295.0,17.0,19767.0,33.35695494722004,20.22902804746083,8.297631202876449,3429.1176470588234,2.4379280728273693,28.501608979861786,138575.5,2
41.0,43807.0,7.0,3139.0,58.04750067166746,60.9001689440972,6.061465649334798,6258.142857142857,10.047102873672237,40.008124102778694,141714.5,1
20.0,72348.0,17.0,15688.0,8.876739410776846,30.02792068827328,2.9114424778517902,4255.764705882353,10.313760590052736,37.05237255994377,157402.5,2
39.0,56432.0,20.0,19088.0,96.16657359548132,59.31694458149949,2.0709491817657124,2821.6,28.64239504463613,50.081678071289986,176490.5,2
19.0,113285.0,9.0,7924.0,63.49600455910331,79.50455703007033,1.523277856626788,12587.222222222223,52.19307605910365,56.28314076661436,184414.5,1
41.0,87854.0,17.0,1362.0,75.48378199408478,24.360252296600976,8.994552125461016,5167.882352941177,2.708334106780485,54.39391796939026,185776.5,2
47.0,70262.0,20.0,19988.0,17.047793817391753,24.62468071708764,7.101354317980658,3513.1,3.4676034478011957,42.829830014586314,205764.5,2
55.0,67080.0,22.0,14481.0,40.94778530052039,40.4228055600005,9.373784381643208,3049.090909090909,4.312325088164067,29.802579524563033,220245.5,2
19.0,31324.0,16.0,4738.0,42.26891133961895,71.98319085508052,6.032918057149431,1957.75,11.93173687644827,45.67689237738955,224983.5,2
38.0,65909.0,28.0,3469.0,82.18064439010868,32.93179212747991,4.734008814949125,2353.8928571428573,6.956428138343848,48.44592951418698,228452.5,2
41.0,596695.0,29.0,17106.0,0.1236679759409442,41.622669195820855,0.5971648897088933,20575.689655172413,69.70046282545367,48.845884059460424,245558.5,2
41.0,49870.0,8.0,17940.0,30.085310835325508,24.110324397618776,6.716422815460298,6233.75,3.5897567887060453,32.88826190697318,263498.5,1
39.0,64578.0,17.0,10017.0,98.1236374344304,65.78931747553335,5.822087597682311,3798.705882352941,11.299953216389792,43.84077035632432,273515.5,2
42.0,102124.0,7.0,3808.0,47.48865435062186,44.49838056556707,9.902088935876217,14589.142857142857,4.493837699674174,44.799340812906394,277323.5,1
44.0,56790.0,1.0,17370.0,38.25262802440083,65.55492398365057,2.3915877778224304,56790.0,27.410628450083117,58.61420734158366,294693.5,0
59.0,55289.0,13.0,15870.0,11.982900201764634,74.21647066080772,5.307373552868358,4253.0,13.98365310478242,61.42325840334178,310563.5,1
45.0,85129.0,23.0,13713.0,97.41646286280157,33.96578882607733,6.509573351180727,3701.2608695652175,5.217821045048445,57.912394490178535,324276.5,2
33.0,45485.0,19.0,8561.0,2.002635592582447,68.44376182039707,6.445911747423436,2393.9473684210525,10.61816613417884,58.8753404357607,332837.5,2
32.0,74482.0,27.0,3719.0,73.71802250072432,23.545633404695195,5.612935429484027,2758.5925925925926,4.1948876306349465,41.985061350389856,336556.5,2
20.0,116188.0,24.0,12700.0,76.85998047885084,73.93084329081483,7.769280103272255,4841.166666666667,9.515790692071553,55.306746171969024,349256.5,2
41.0,71996.0,19.0,4741.0,24.365671606386663,59.04611285352484,2.049812095268164,3789.2631578947367,28.805622227436512,52.17419651634495,353997.5,2
24.0,116769.0,29.0,10766.0,67.15584436130374,72.4536034483011,7.256272002744159,4026.5172413793102,9.984962446405092,68.47685319754692,364763.5,2
38.0,39435.0,17.0,4998.0,9.292914437938991,20.011303973394917,6.197345714330892,2319.705882352941,3.2290120473867217,50.50367342507361,369761.5,2
26.0,33709.0,13.0,19787.0,25.704726643207987,30.14486422135955,8.960751117945733,2593.0,3.364100154616314,40.869923881018515,389548.5,1
56.0,60355.0,16.0,17077.0,78.7901988292265,43.38556324558952,8.471944390335818,3772.1875,5.121086877657111,31.18057714678132,406625.5,2
35.0,85771.0,16.0,1294.0,86.46861920335402,42.77017420248312,3.1514703913255326,5360.6875,13.571498028415128,38.766867223144054,407919.5,2
21.0,87799.0,8.0,11177.0,60.84864126597913,33.60382297541064,2.7623732497515308,10974.875,12.16483796258642,39.91985347449442,419096.5,1
42.0,43116.0,19.0,10882.0,50.68384318204826,42.896716392032005,9.816533238524478,2269.2631578947367,4.369843747249391,39.75690452330858,429978.5,2
31.0,55470.0,18.0,2136.0,15.93040206189803,27.73092272001529,5.272651809152565,3081.6666666666665,5.25938820232324,34.7438206958193,432114.5,2
26.0,72344.0,1.0,3064.0,6.310903307915017,44.76566775596156,9.064209639144368,72344.0,4.9387282000449515,38.464435622669605,435178.5,0
43.0,72918.0,14.0,8009.0,11.764902847355865,68.14125974955584,1.638810237804822,5208.428571428572,41.579713244183,46.87928340851088,443187.5,1
19.0,82224.0,19.0,10507.5,22.73573000960988,48.74420378620107,6.428189148001743,4327.578947368421,7.58288262276066,53.88371043057282,453695.0,2
37.0,69298.0,15.0,5543.0,34.16745018969208,21.0800053367129,8.098601873605862,4619.866666666667,2.602919079824717,45.98848962415659,459238.0,1
45.0,110219.0,18.0,10507.5,38.09095255109872,45.28664249475485,9.473952495864468,6123.277777777777,4.780121339485626,38.370283872556264,469745.5,2
41.0,91629.0,2.0,6445.0,34.63217685890035,21.63050096545065,3.373401410170235,45814.5,6.412074442204935,29.33238293230612,476190.5,0
25.0,96040.0,22.0,11706.0,23.90553321972656,77.97460464240788,7.249811699240524,4365.454545454545,10.75539722646539,48.29724936753778,487896.5,2
52.0,71996.0,28.0,15749.0,50.97242467516981,27.647237565372137,5.38813009039619,2571.285714285714,5.1311377233913875,42.41744772441021,503645.5,2
31.0,53960.0,17.0,12718.0,82.52861082328968,62.46129957983712,0.6062892606646819,3174.1176470588234,103.02227605245733,56.0277139292057,516363.5,2
34.0,71996.0,18.0,10439.0,27.970353847147923,78.36657937352516,6.899997373089434,3999.777777777778,11.35747959545048,56.15837217291146,526802.5,2
53.0,112848.0,6.0,14281.0,94.23870191022333,69.56234309999431,6.900965582378435,18808.0,10.080088397719479,70.13007401778552,541083.5,1
57.0,97641.0,19.0,10507.5,87.33366617238478,61.95892250757222,9.30606804846537,5139.0,6.657905592877073,69.96261499369722,551591.0,2
21.0,66395.0,4.0,1571.0,16.176421135210962,70.36765457004601,5.2065182945292126,16598.75,13.515299589744137,67.29630672587083,553162.0,0
19.0,52700.0,1.0,3382.0,78.62759567570944,78.90792159563766,2.302509207105147,52700.0,34.27040437108412,70.41149955775195,556544.0,0
23.0,64620.0,8.0,6084.0,57.45873823177666,57.280669835211775,0.4456382344867915,8077.5,128.53625520076318,68.85208200029847,562628.0,1
59.0,50559.0,29.0,17661.0,56.65753621714186,53.55108840975959,4.156421866859057,1743.4137931034484,12.883939630080743,63.24655994686967,580289.0,2
21.0,91642.0,23.0,14507.0,39.10427630581744,57.694286627796885,3.019167000775018,3984.4347826086955,19.109339302193884,56.17534829092275,594796.0,2
46.0,106539.0,7.0,8059.0,48.63065826106465,51.9605532056933,7.610883060238756,15219.857142857143,6.827138558618621,54.401976081083255,602855.0,1
35.0,51732.0,3.0,19271.0,39.717877742921104,50.28799928245187,5.2065182945292126,17244.0,9.658661784650283,53.314279705314014,622126.0,0
43.0,60354.0,10.0,13771.0,53.97326187599428,50.28799928245187,9.490711963148438,6035.4,5.298654039624798,50.84551725686567,635897.0,1
51.0,43843.0,16.0,18649.0,62.795005277263584,33.106590972998426,9.623102029877842,2740.1875,3.4403242187611607,44.56086317930072,654546.0,2
27.0,101726.0,19.0,8491.0,67.43038064090484,27.214833590700536,6.209085902177081,5354.0,4.383066045383306,36.86980794871693,663037.0,2
53.0,47640.0,14.0,15527.0,53.24811925594262,24.100456131935623,9.28660287014883,3402.8571428571427,2.5951853943711694,28.140626898544852,678564.0,1
31.0,82528.0,2.0,18424.0,72.14220673287318,35.79894702519201,7.6085434451449565,41264.0,4.705098588618228,29.03807891594271,696988.0,0
48.0,68413.0,28.0,15859.0,14.12780492755058,22.767413860144032,5.468596409751262,2443.3214285714284,4.163301175333874,27.555605672423876,712847.0,2
32.0,82638.0,1.0,9073.0,48.63065826106465,54.03024679516314,1.8030793542277808,82638.0,29.965540156885165,37.53220256016638,721920.0,0
25.0,82736.0,23.0,10077.0,81.87350040742702,37.02970682141122,4.5859794351384,3597.217391304348,8.074547072253432,37.942455825572786,731997.0,2
31.0,98866.0,23.0,12383.0,32.252797784641515,69.47208848522193,5.608744633626176,4298.521739130435,12.38638822468669,53.510680700598755,744380.0,2
40.0,49087.0,28.0,17378.0,2.2893824976120247,24.454452379303184,8.639615807350102,1753.107142857143,2.8305022960047252,43.652082561978766,761758.0,2
57.0,71430.0,18.0,3353.0,15.379114966803108,33.581089660489155,4.813333765356649,3968.3333333333335,6.976680051191282,42.50254350833808,765111.0,2
38.0,54504.0,7.0,5799.0,22.361443449631125,63.81476882540876,8.976746726779567,7786.285714285715,7.108897105789515,40.61677028840035,770910.0,1
33.0,37114.0,29.0,18070.0,95.73228878945872,50.28799928245187,6.743489790234689,1279.7931034482758,7.457266318586913,49.22795258944992,788980.0,2
35.0,108859.0,8.0,12939.0,57.30414289308493,23.869476274950053,1.3699906305367138,13607.375,17.423094540142102,45.99074812760355,801919.0,1
41.0,40975.0,1.0,3428.0,93.27307404762549,72.63436742973202,9.94981369325093,40975.0,7.300073113831341,48.93061432904464,805347.0,0
43.0,41023.0,25.0,12296.0,57.516335049662494,72.63570576957076,5.272326607539126,1640.92,13.776784174505776,56.37984982475094,817643.0,2
42.0,51447.0,23.0,8813.0,47.93544401378518,39.82448023254644,3.9185829640907888,2236.8260869565215,10.162979984726887,61.698184477283064,826456.0,2
58.0,53959.0,3.0,15414.0,31.372769119409604,40.42435060097388,6.591137644695265,17986.333333333332,6.133137066786725,50.96151220103035,841870.0,0
46.0,96203.0,24.0,12801.0,60.63709444333756,79.34170150101043,1.0889331398103907,4008.4583333333335,72.86186690472633,53.19684411151024,854671.0,2
32.0,59703.0,16.0,12745.0,13.919802461752983,57.57057029558829,6.365386467533543,3731.4375,9.044316568872166,59.112207465857516,867416.0,2
18.0,39337.0,27.0,14025.0,89.82616272927059,51.87899123408354,4.98236000499273,1456.9259259259259,10.412533655154702,62.930421010227406,881441.0,2
42.0,76427.0,29.0,4356.0,82.93324051412837,70.28913101311547,4.066740699985831,2635.4137931034484,17.28389789232452,59.91289751426242,885797.0,2
24.0,91529.0,8.0,15288.0,31.753144787673705,37.11742030143898,9.530200211788992,11441.125,3.894715690812477,53.09518084954598,901085.0,1
26.0,114665.0,22.0,7540.0,95.27975276012944,45.75095560378141,5.225397167320533,5212.045454545455,8.755498221246496,51.05250230611193,908625.0,2
41.0,61921.0,25.0,17422.0,82.5200767415568,36.06660052930005,2.1911747946993843,2476.84,16.45993766291391,39.644992144840124,926047.0,2
18.0,63307.0,15.0,4342.0,66.63068858350397,67.34965079532388,4.589634793772986,4220.466666666666,14.674294104337216,49.72240230946843,930389.0,1
25.0,57355.0,5.0,10078.0,12.17619111252748,54.40096073811308,9.193874045726728,11471.0,5.917087885644725,52.605737354245655,940467.0,0
41.0,34835.0,3.0,3844.0,47.823402304807225,59.52950420840424,1.7609547133059469,11611.666666666666,33.80524425676223,60.42670524728038,944311.0,0
28.0,50159.0,19.0,11396.0,50.61075548467508,35.138434990364395,2.139570386882369,2639.9473684210525,16.423126439680093,49.689633312293886,955707.0,2
34.0,77605.0,1.0,18482.0,23.25513583653801,33.213518082638906,0.1302956775708375,77605.0,254.90882508041608,42.62715242713583,974189.0,0
25.0,68088.0,28.0,19207.0,7.996539435930194,49.30247773897632,0.1419004939576718,2431.714285714286,347.44401773318003,39.21814360399319,993396.0,2
52.0,108752.0,15.0,14998.0,77.67236304716927,64.2539449455696,8.293916269585125,7250.133333333333,7.7471176290020205,48.92331358906159,1008394.0,1
52.0,85284.0,8.0,14261.0,12.203505212439502,51.514385451209606,7.321226068429558,10660.5,7.0363058003834755,55.02360271191849,1022655.0,1
50.0,87043.0,2.0,4093.0,59.429075056177474,21.958740652740115,3.5504105645195825,43521.5,6.1848454576439735,45.90902368317308,1026748.0,0
22.0,65547.0,3.0,12722.0,93.64491738836604,72.11309037921733,6.983111572275727,21849.0,10.326784791112306,48.52873882772233,1039470.0,0
59.0,112844.0,24.0,12645.0,87.61051925980425,23.881213610907896,3.9520592630997022,4701.833333333333,6.042726594179977,39.31768154762176,1052115.0,2
56.0,57532.0,14.0,16083.0,27.775262374926115,77.34946902324513,9.528967959978274,4109.428571428572,8.117297628464424,57.781257671123434,1068198.0,1
58.0,64349.0,24.0,1988.0,85.14486375512654,21.508517496636365,9.670526814260349,2681.2083333333335,2.2241308989412536,40.91306671026311,1070186.0,2
45.0,75445.0,14.0,7446.0,0.0332506120489406,61.66702736784253,3.927937758093434,5388.928571428572,15.699593823954798,53.50833796257465,1077632.0,1
24.0,35713.0,11.0,17335.0,1.7687809613257222,24.9324238227069,8.54221906340868,3246.6363636363635,2.918729154290488,36.03598956239525,1094967.0,1
26.0,86178.0,16.0,17133.0,60.255316384286495,74.64059476610836,7.730890416974661,5386.125,9.65485096027497,53.746681985552584,1112100.0,2
25.0,79407.0,4.0,10507.5,36.47982191445295,47.86599417353257,3.0999993717178933,19851.75,15.440646411165943,49.14633758744926,1122607.5,0
29.0,100340.0,20.0,6626.0,38.64608411591471,28.25142648902092,2.3203982890110595,5017.0,12.175248802248305,50.25267180955393,1129233.5,2
51.0,80990.0,5.0,8424.0,56.44410906788825,50.28799928245187,4.582346503928338,16198.0,10.974289971162404,42.13513998166844,1137657.5,0
50.0,105672.0,16.0,13857.0,19.17824555918606,29.889480520805723,7.813488406144062,6604.5,3.825369536262755,36.14296876409282,1151514.5,2
40.0,95545.0,21.0,13155.0,21.175535066547837,30.2349146934254,9.601677847287457,4549.761904761905,3.1489199256947558,36.804131498894314,1164669.5,2
41.0,114791.0,14.0,18317.0,48.46015870188647,76.88649921028653,7.635790688665725,8199.357142857143,10.069225617251911,45.67029814150586,1182986.5,1
54.0,88141.0,23.0,12425.0,75.4253544343863,46.71476673708729,5.2065182945292126,3832.217391304348,8.972361969067347,51.27872688026639,1195411.5,2
52.0,71996.0,16.0,2980.0,61.94977514075877,67.32813583432157,6.030643061705165,4499.75,11.164337724090826,63.64313392723178,1198391.5,2
57.0,86570.0,18.0,16522.0,29.73550482368389,50.28799928245187,8.35407830842126,4809.444444444444,6.0195748023763995,54.77696728462022,1214913.5,2
41.0,67892.0,7.0,9984.0,-49.96674938795106,60.58558174030354,7.844208580034176,9698.857142857143,7.72360667391121,59.400572285692306,1224897.5,1
44.0,31015.0,10.0,18175.0,17.06647585499984,27.90160630832231,3.769855419262801,3101.5,7.401240420455832,46.25839577702589,1243072.5,1
52.0,91813.0,7.0,16883.0,7.462981433708171,34.051066808929136,5.519903021207211,13116.142857142857,6.1687799003182695,40.84608495251831,1259955.5,1
18.0,57712.0,1.0,6390.0,78.26960407441493,67.20502010926621,8.047531219896948,57712.0,8.351010797337025,43.0525644088392,1266345.5,0
52.0,38415.0,23.0,19639.0,26.53874091881946,78.24597238848698,0.4605673418995637,1670.2173913043478,169.8904053113478,59.83401976889409,1285984.5,2
54.0,92292.0,21.0,2607.0,48.63065826106465,35.760538555919105,8.0807928235583,4394.857142857143,4.425375001777646,60.40384368455741,1288591.5,2
31.0,53833.0,19.0,7573.0,69.16180555693194,36.29412588506239,1.7788812404902343,2833.315789473684,20.40278184903465,50.100212276489465,1296164.5,2
20.0,34158.0,16.0,18368.0,61.8051674287186,48.37382796865429,5.14683617121439,2134.875,9.39875029230638,40.1428308032119,1314532.5,2
18.0,92680.0,29.0,6776.0,63.318962601346406,79.03041877132627,8.082754395559377,3195.862068965517,9.777659310636134,54.566124208347624,1321308.5,2
22.0,50309.0,16.0,4676.0,22.889460484661363,36.13753674958826,2.5382107815669483,3144.3125,14.237405739518204,54.51392782985625,1325984.5,2
43.0,36970.0,4.0,4380.0,23.2645538562681,44.41831457805584,2.45807439306153,9242.5,18.07037032867539,53.19542336632343,1330364.5,0
31.0,102474.0,29.0,9711.0,22.08026297856392,73.4888009374104,4.027643984622519,3533.5862068965516,18.24610149705125,51.348217421684815,1340075.5,2
56.0,116704.0,28.0,9782.0,17.375259566229452,20.17526195728172,8.946427975776345,4168.0,2.2551192511591163,46.02745915758263,1349857.5,2
44.0,76540.0,18.0,18434.0,65.57236725616563,22.38595789931417,0.0044278143720788,4252.222222222223,5055.757992131966,38.68334026466875,1368291.5,2
26.0,50384.0,2.0,14997.0,84.80158852494014,56.24430062427315,9.013830966419349,25192.0,6.2397776077462455,32.93517349362299,1383288.5,0
32.0,48017.0,1.0,7342.0,72.43174696766613,74.44280988277082,1.5380702464160778,48017.0,48.40013650627021,51.0243561354527,1390630.5,0
32.0,105880.0,15.0,18343.0,79.20936337605433,34.33139962411566,9.90086376067482,7058.666666666667,3.4675156081307104,55.00617004371986,1408973.5,1
43.0,38702.0,5.0,7059.0,48.63065826106465,48.17850648084254,9.54846993038468,7740.4,5.045678190547705,52.31757199590967,1416032.5,0
59.0,596695.0,20.0,9884.0,65.40757953719981,47.0279180994691,4.946751895912833,29834.75,9.506827730399232,43.17927473480908,1425916.5,2
30.0,30404.0,11.0,6655.0,35.42362404447745,48.37828076573061,5.127202478126281,2764.0,9.435609569179777,47.861568448680735,1432571.5,1
49.0,70943.0,10.0,13091.0,52.550462196864,50.28799928245187,4.815493402758543,7094.3,10.44295881573517,48.56473271588384,1445662.5,1
56.0,77926.0,2.0,16251.0,48.16348465348624,48.18462577944103,6.354436456595226,38963.0,7.582832263501594,48.95030194254115,1461913.5,0
49.0,59189.0,3.0,1526.0,17.68871451438544,46.84808847934747,0.9072170223493105,19729.666666666668,51.639340229783855,48.440237847080105,1463439.5,0
21.0,42763.0,23.0,4224.0,38.70787603356308,48.45730522587563,0.326179483415665,1859.2608695652175,148.56024884963207,47.83000649488802,1467663.5,2
47.0,48384.0,23.0,16069.0,96.3822275482351,55.45204647626249,0.5770292841589886,2103.6521739130435,96.09918941476775,50.252480060495174,1483732.5,2
54.0,90100.0,12.0,12536.0,24.85802577149421,52.2204493010815,4.443653492415144,7508.333333333333,11.751692473370483,52.04326700107318,1496268.5,1
41.0,39860.0,20.0,14547.0,13.380373627948872,71.24815985903027,2.755479392194834,1993.0,25.856901728551364,59.64021854545806,1510815.5,2
56.0,110642.0,5.0,19259.0,41.85806216239353,22.96981120962,6.220395623709938,22128.4,3.6926608208113394,48.812806789910574,1530074.5,0
32.0,80612.0,5.0,2763.0,79.03377358601482,69.99902428838075,9.92442289374779,16122.4,7.053208537947218,54.73899845234365,1532837.5,0
46.0,53574.0,6.0,9712.0,58.21482297799723,70.63547675670344,3.8632317307646593,8929.0,18.28403825589887,54.534770751568054,1542549.5,1
53.0,53524.0,9.0,6797.0,68.09748272382446,37.09448129185765,5.738412541045133,5947.111111111111,6.464240942339369,59.24299411231393,1549346.5,1
30.0,99172.0,2.0,10208.0,18.96948481746772,47.77111730095103,4.156038959073355,49586.0,11.494386306619766,51.833691783170686,1559554.5,0
49.0,40916.0,16.0,6109.0,61.89481930077216,46.31230931224613,8.472716677218594,2557.25,5.466051926033415,43.72596930168492,1565663.5,2
24.0,34809.0,12.0,17500.0,32.35003949114738,33.11059006124782,9.02236403462238,2900.75,3.669835304160793,42.398005558148306,1583163.5,1
39.0,62201.0,3.0,3433.0,83.43033659547675,43.80781082517899,8.7735561220526,20733.666666666668,4.993164711748606,41.07690339955763,1586596.5,0
45.0,83330.0,20.0,17967.0,62.92988060107362,22.663266330251265,9.743722386792577,4166.5,2.3259351437363276,33.19388907222601,1604563.5,2
19.0,43456.0,26.0,5167.0,19.885627777529592,36.669324366904064,0.2751918514041529,1671.3846153846155,133.25003694622728,34.380133840778086,1609730.5,2
59.0,86397.0,22.0,18773.0,6.461667984408615,69.00093052704308,5.2065182945292126,3927.1363636363635,13.252797094662343,42.77784040806612,1628503.5,2
23.0,68765.0,12.0,10507.5,4.263320928703274,37.073738105773856,7.517721730390932,5730.416666666667,4.931512422959286,47.58133099990698,1639011.0,1
45.0,64816.0,24.0,7154.0,37.14085676501407,69.09240012489485,2.286944094003648,2700.6666666666665,30.211669933714013,58.38902291923724,1646165.0,2
45.0,75106.0,17.0,9920.0,26.585113665431347,51.89596787626585,9.563200933875276,4418.0,5.426631546811613,52.687368702311495,1656085.0,2
37.0,83932.0,10.0,19427.0,64.60901234625081,72.7917606416696,1.4817792822994549,8393.2,49.12456363184528,64.59337621427674,1675512.0,1
47.0,47100.0,24.0,18162.0,49.93338349786183,54.48677325586491,6.795499271339084,1962.5,8.01806770632293,59.7248339246001,1693674.0,2
28.0,87091.0,27.0,1213.0,26.60192780053807,21.780093383884388,2.248902168159125,3225.5925925925926,9.684766946404268,49.68620909380629,1694887.0,2
45.0,51949.0,14.0,4762.0,14.923777795017612,60.52521245282535,4.313806487740747,3710.6428571428573,14.03058125690844,45.597359697524865,1699649.0,1
42.0,100080.0,23.0,14399.0,12.71997626874496,22.69121408141412,7.191598969445689,4351.304347826087,3.155239075179286,34.998839972707934,1714048.0,2
56.0,67744.0,17.0,10768.0,86.46603921404177,47.03582113898804,5.633246420330467,3984.9411764705883,8.349682870118212,43.41741589107582,1724816.0,2
50.0,75543.0,18.0,11640.0,24.347796840486723,75.76560166838684,5.2065182945292126,4196.833333333333,14.552066732963965,48.49754562959631,1736456.0,2
18.0,66187.0,19.0,7731.0,65.17106479109684,29.91223636027101,3.263384309319872,3483.5263157894738,9.16601709300523,50.90455305588194,1744187.0,2
44.0,37239.0,17.0,6791.0,81.06859279862663,43.39234117649265,5.2065182945292126,2190.529411764706,8.334233881803023,49.69005973505015,1750978.0,2
30.0,44489.0,14.0,16822.0,61.408131118473605,63.79161853090871,1.438143503148137,3177.785714285714,44.356921538961195,45.69873202255744,1767800.0,1
58.0,88017.0,9.0,9783.0,85.95652316469457,72.93551336569087,4.301028765298001,9779.666666666666,16.957690205226392,60.03982435769739,1777583.0,1
20.0,91877.0,8.0,14621.0,39.23937215284745,60.25658028455047,9.03757571775142,11484.625,6.667338915478821,65.66123739371666,1792204.0,1
56.0,73125.0,2.0,17019.0,95.62221906489484,35.490395251470154,8.458495504599677,36562.5,4.195828351764295,56.227496300570486,1809223.0,0
23.0,71996.0,13.0,3720.0,13.314500417809692,60.47647117497297,4.009417624730467,5538.153846153846,15.083604861201879,52.074482236997845,1812943.0,1
25.0,62049.0,25.0,9905.0,10.21495296575381,37.8036584662454,7.631083636013082,2481.96,4.953904356104818,44.5901749642295,1822848.0,2
41.0,67131.0,7.0,10127.0,65.86921462074436,63.10575378912412,8.231608307088592,9590.142857142857,7.666272669313121,53.79529447678081,1832975.0,1
26.0,72944.0,9.0,17385.0,94.28311414132618,77.24198765510243,8.888874240036298,8104.888888888889,8.689737931851651,59.3837999701573,1850360.0,1
54.0,103963.0,22.0,7368.0,80.8883461636328,63.2836070663773,5.44505769049228,4725.590909090909,11.622210573981251,67.87711617020126,1857728.0,2
50.0,54285.0,22.0,15056.0,7.641685943805143,71.77283017474474,2.044608860547118,2467.5,35.103452577007324,70.7661416320748,1872784.0,2
59.0,67626.0,11.0,13236.0,27.93677139347164,20.126230590553003,2.5530907650393164,6147.818181818182,7.883084638490347,51.727555943891666,1886020.0,1
41.0,72808.0,16.0,19333.0,93.03188848378235,63.05432748389566,2.956946740416042,4550.5,21.324133648421387,51.65112941639779,1905353.0,2
32.0,596695.0,4.0,15451.0,48.63065826106465,69.77525341191502,5.938024808096155,149173.75,11.750583008137736,50.98527049545455,1920804.0,0
49.0,83871.0,26.0,18301.0,78.11704237869192,50.28799928245187,0.3280962412860844,3225.8076923076924,153.27209810551628,61.039193392754164,1939105.0,2
41.0,49198.0,26.0,11433.0,82.51321959287039,50.28799928245187,6.360424687799683,1892.2307692307693,7.906390178459677,56.78375065893957,1950538.0,2
41.0,49758.0,29.0,16525.0,49.54521034609818,35.40165369860275,3.64354238428232,1715.7931034482758,9.716273330953971,45.325884087835476,1967063.0,2
58.0,45254.0,13.0,1089.0,38.63489098483155,59.91752611868331,2.9524180248964216,3481.076923076923,20.294391110413766,48.5357263665793,1968152.0,1
29.0,74238.0,2.0,19093.0,45.012443241975966,68.0212927414044,8.794965707281264,37119.0,7.734116880648011,54.44682418623014,1987245.0,0
56.0,31252.0,23.0,11361.0,22.69646943653641,59.759870783561325,4.600023955807989,1358.7826086956522,12.991208601883153,62.566229881216316,1998606.0,2
19.0,69764.0,5.0,17369.0,88.93909161288443,25.537087524395435,0.9505304553269278,13952.8,26.866143405801918,51.10608368312037,2015975.0,0
20.0,107709.0,11.0,4041.0,45.06196567297579,50.28799928245187,8.26746768026247,9791.727272727272,6.082636331619184,45.194985863469526,2020016.0,1
54.0,67441.0,6.0,1105.0,88.24594404560997,52.975019403328616,0.476412574365066,11240.166666666666,111.19567839688223,42.93336873672528,2021121.0,1
34.0,83682.0,18.0,10078.0,10.56934799062741,74.0192760844563,7.267492241681967,4649.0,10.184981782288837,59.094098256745575,2031199.0,2
19.0,89494.0,21.0,19279.0,98.82752710001311,44.25438377865255,7.7390622177066515,4261.619047619048,5.718313476974041,57.08289308881246,2050478.0,2
19.0,111317.0,10.0,7090.0,44.32730874436183,39.26486582522301,3.526026059288582,11131.7,11.135727633602677,52.512841896110594,2057568.0,1
45.0,95215.0,4.0,7082.0,4.783082039410546,64.99104586618797,8.247878562777867,23803.75,7.879728753462531,49.50343182335448,2064650.0,0
40.0,108587.0,9.0,18018.0,3.8021848237454914,44.7605195650038,5.156594058564535,12065.222222222223,8.680248834143054,49.67214375213823,2082668.0,1
41.0,36949.0,6.0,2925.0,74.62072574818386,58.76577050030378,4.632936532727968,6158.166666666667,12.684346112917995,56.172445310498496,2085593.0,1
49.0,85393.0,2.0,19440.0,65.90355342036808,58.78700540747642,0.4540328146869254,42696.5,129.47743754603403,54.104431824261304,2105033.0,0
50.0,103553.0,17.0,7917.0,80.21305581275875,73.28234386160707,2.900291936489059,6091.35294117647,25.26723015005132,63.61170658979574,2112950.0,2
18.0,36941.0,5.0,1552.0,10.536753395280597,55.92154413914584,5.2065182945292126,7388.2,10.740679466718827,62.663631136076425,2114502.0,0
36.0,55934.0,16.0,4911.0,3.557086703554835,50.129216597719214,3.918239632835,3495.875,12.793810816886857,59.77770153282401,2119413.0,2
19.0,71996.0,6.0,4389.0,50.857928944757845,28.33227958379102,5.467005205567683,11999.333333333334,5.1824131345141184,44.794346773552,2123802.0,1
43.0,91886.0,26.0,14629.0,38.75952314827696,26.944256400722324,5.2065182945292126,3534.076923076923,5.175100686582471,35.13525086074416,2138431.0,2
49.0,105745.0,12.0,3430.0,46.19469366709558,29.259293916984763,5.2065182945292126,8812.083333333334,5.619742841915908,28.178609967166008,2141861.0,1
23.0,113251.0,23.0,1458.0,99.1588408870274,30.31090887962567,0.6133095564328261,4923.95652173913,49.42187605215561,28.838153065777558,2143319.0,2
49.0,83413.0,21.0,14395.0,97.07499576706702,58.27262555981803,3.6217625479872826,3972.0476190476193,16.089576494240852,39.28094278547613,2157714.0,2
21.0,86800.0,10.0,1207.0,94.23153896731928,64.4588750164747,7.231282738825541,8680.0,8.913892229712996,51.01413648530612,2158921.0,1
28.0,72318.0,22.0,1899.0,78.38426767676738,51.79949137558512,2.005602510729829,3287.181818181818,25.82739655463212,58.176997317292596,2160820.0,2
34.0,100173.0,21.0,12653.0,35.48413602568904,69.74106395272946,2.0357837754636043,4770.142857142857,34.25759886353721,61.99981011492974,2173473.0,2
55.0,596695.0,27.0,17405.0,48.63065826106465,79.475793604018,0.1009060668902472,22099.814814814814,787.6215578837462,67.00544964411084,2190878.0,2
41.0,82329.0,25.0,10507.5,54.96160437189245,69.20075774716136,4.374819266082097,3293.16,15.817969506460235,72.80587176796958,2201385.5,2
22.0,73088.0,6.0,10507.5,83.05344564048399,61.69294242055755,5.2065182945292126,12181.333333333334,11.849174233264842,70.12316459057894,2211893.0,1
51.0,69811.0,27.0,1514.0,6.871283251826776,51.9495619662288,0.5190094358730901,2585.5925925925926,100.09367532757473,60.9477540446492,2213407.0,2
23.0,85479.0,16.0,5109.0,42.429688588488816,46.93118430048249,1.9111870949600265,5342.4375,24.556038717634856,53.524562895756254,2218516.0,2
39.0,115392.0,2.0,14258.0,8.261766345926869,25.06354283267254,3.1008453834275507,57696.0,8.082809599802845,41.31476303312791,2232774.0,0
28.0,117369.0,12.0,16313.0,51.46575865735116,43.962124903681456,7.317247365642129,9780.75,6.008014039555916,38.652284012278805,2249087.0,1
33.0,49963.0,13.0,16349.0,89.89008240062354,74.60807820692806,6.4063559280258655,3843.3076923076924,11.645946470214108,47.87791531442732,2265436.0,1
50.0,85123.0,25.0,8179.0,78.24849245639379,68.48135779439318,4.159439045818551,3404.92,16.46408494992538,62.35052030166753,2273615.0,2
26.0,103477.0,21.0,11326.0,22.784241754311,32.96308190070123,7.590689392583757,4927.476190476191,4.342567610908539,58.68417263400746,2284941.0,2
23.0,44388.0,7.0,12787.0,97.59908495987924,47.99646708183296,6.096310116569019,6341.142857142857,7.8730356829099755,49.81363559230909,2297728.0,1
41.0,35569.0,10.0,2560.0,66.73503980464284,69.00339215351268,8.96040799657219,3556.9,7.700920781722213,49.98764704534893,2300288.0,1
46.0,99836.0,13.0,10507.5,1.0427699397403067,24.04307328713135,8.18026749138693,7679.692307692308,2.939154900795909,47.01431084082564,2310795.5,1
20.0,66586.0,17.0,18650.0,-49.96674938795106,43.243555140119554,2.5281360608920056,3916.823529411765,17.104916071986203,45.4300068602545,2329445.5,2
37.0,42015.0,26.0,5780.0,26.071329991991654,71.11047421243686,2.7143857763420023,1615.9615384615386,26.197629987682785,46.132367546562556,2335225.5,2
53.0,75002.0,21.0,19311.0,6.9254306285859935,44.23387185020742,1.2535647579238562,3571.5238095238096,35.286467309010185,52.86263373425459,2354536.5,2
36.0,36254.0,28.0,12894.0,95.9826518075929,24.65687868388645,3.369647257174565,1294.7857142857142,7.317347129254455,46.66707491551022,2367430.5,2
43.0,47144.0,26.0,3356.0,47.82552945759237,52.552062111935086,9.995439187190945,1813.2307692307693,5.257604106008671,40.48093754867629,2370786.5,2
20.0,54214.0,14.0,5790.0,89.5814597371882,71.70454969509771,4.05751168615061,3872.4285714285716,17.672050074395305,49.63783016363973,2376576.5,1
36.0,110719.0,2.0,17690.0,48.63065826106465,55.417132577189584,2.204884346891064,55359.5,25.133804707411965,59.891248128074096,2394266.5,0
37.0,101774.0,28.0,11181.0,12.523357043282711,33.57674649285391,7.62482884475553,3634.785714285714,4.403606582716737,53.5661429217137,2405447.5,2
49.0,36090.0,22.0,8057.0,47.43361099062139,43.05437720824288,5.2065182945292126,1640.4545454545455,8.269322178985252,44.01608542609543,2413504.5,2
41.0,41637.0,11.0,17082.0,11.395663471431716,47.00740167091593,1.4960144952695251,3785.181818181818,31.421755484024892,41.21284179067087,2430586.5,1
58.0,52415.0,1.0,1661.0,48.601550297754,54.75598122923161,3.8068968116086577,52415.0,14.383363652584451,48.27258670279678,2432247.5,0
50.0,54071.0,19.0,5644.0,92.02971812194076,65.56106154515678,4.144697155393433,2845.842105263158,15.818058373660216,55.7748148151014,2437891.5,2
57.0,88243.0,21.0,16711.0,52.07681418342127,25.932417058438126,5.2065182945292126,4202.047619047619,4.980759807506449,48.74981994427548,2454602.5,2
56.0,71240.0,4.0,3920.0,61.649972689508346,73.37912198105398,0.2067136889190446,17810.0,354.9795002197048,54.95753352821626,2458522.5,0
35.0,113807.0,19.0,17002.0,15.66384369738083,20.73858218096453,2.690196467983105,5989.8421052631575,7.708947070513652,40.01670707348551,2475524.5,2
57.0,63434.0,26.0,15025.0,4.373562587996949,42.20314008045531,5.17596301315522,2439.769230769231,8.153678836806188,45.44028141415791,2490549.5,2
18.0,99724.0,29.0,9946.0,11.080796217980703,21.64521859835946,2.688467424528433,3438.7586206896553,8.051136644200222,28.19564695325973,2500495.5,2
28.0,105697.0,21.0,13732.0,59.853157568436565,43.578453520717474,6.284340474189989,5033.190476190476,6.934451387491773,35.80893739984405,2514227.5,2
45.0,58732.0,11.0,7236.0,9.501169899230463,51.54875593239943,4.818674792746166,5339.272727272727,10.69770386040552,38.924142683825416,2521463.5,1
42.0,41314.0,16.0,17309.0,37.59928899413114,50.70088319489071,3.617102548595806,2582.125,14.01698804878321,48.6093642160025,2538772.5,2
40.0,53954.0,11.0,14518.0,55.009194045815605,50.28799928245187,9.492086268705124,4904.909090909091,5.297886877434793,50.84587946991397,2553290.5,1
48.0,87108.0,4.0,1352.0,48.63065826106465,58.74443060573674,6.321594991864574,21777.0,9.2926596343702,53.24443769435973,2554642.5,0
47.0,117044.0,17.0,8005.0,16.36838014653015,22.686707030280093,1.2994137226794122,6884.941176470588,17.45918688891459,43.906378972822864,2562647.5,2
59.0,117505.0,27.0,15036.0,27.379130751410653,65.71440920794493,5.600916974433955,4352.037037037037,11.732794738416242,49.04851561465389,2577683.5,2
41.0,66668.0,7.0,17542.0,92.8317532848577,76.79866603961278,7.80731853200901,9524.0,9.836753262307417,55.06659409261257,2595225.5,1
24.0,53061.0,8.0,1956.0,67.59822755863554,40.38612962906707,5.2065182945292126,6632.625,7.756840050193062,60.96640162554155,2597181.5,1
41.0,109252.0,3.0,3071.0,48.63065826106465,51.03436290285991,1.7208922929525938,36417.333333333336,29.655756558301803,56.07305285717988,2600252.5,0
43.0,69749.0,22.0,9595.0,1.2714889986893518,42.73461668352886,9.724199990401033,3170.409090909091,4.394666576758307,44.718369738485244,2609847.5,2
19.0,46907.0,2.0,16140.0,99.24154004894702,20.4026234182436,4.48813645746606,23453.5,4.545900868121698,38.05720100154409,2625987.5,0
18.0,48777.0,23.0,10507.5,48.63065826106465,43.15247017370696,1.590250037402613,2120.7391304347825,27.13565109810577,35.42990342515977,2636495.0,2
29.0,81745.0,15.0,4453.0,31.692247734494494,67.50321555568078,1.8019575412814792,5449.666666666667,37.461046672428935,43.68610304921041,2640948.0,1
22.0,111818.0,24.0,7675.0,87.92686599978381,55.75933053100891,0.982349921890805,4659.083333333333,56.76116960816224,55.471672086798854,2648623.0,2
54.0,53624.0,22.0,1955.0,25.84316202918181,26.07559487690953,8.035181084349343,2437.4545454545455,3.2451782484029765,49.7793803211997,2650578.0,2
41.0,53321.0,22.0,7295.0,54.40165791827516,70.82836938162711,1.2203049432184865,2423.681818181818,58.04153279492684,50.88776492984848,2657873.0,2
26.0,40488.0,5.0,16921.0,63.607076372982505,51.86512069311457,1.2512525714174694,8097.6,41.45056072441047,49.589694983883696,2674794.0,0
58.0,52574.0,24.0,19096.0,22.106337145372844,70.50340170468056,8.504716147608377,2190.5833333333335,8.28991826194069,64.39896392647404,2693890.0,2
52.0,35240.0,1.0,16282.0,97.83972788005958,54.81329112710176,3.446040844475596,35240.0,15.906164088267799,59.06060450829892,2710172.0,0
36.0,73221.0,26.0,5703.0,48.63065826106465,53.58130669027639,0.3085790430807245,2816.1923076923076,173.63883870836779,59.632666507352866,2715875.0,2
33.0,40478.0,4.0,7563.0,55.781322551107,26.315551111820746,0.5189529951841088,10119.5,50.70893001105965,44.9033829763996,2723438.0,0
20.0,85645.0,15.0,13003.0,18.059459817530087,30.04158398831768,1.4217044670389556,5709.666666666667,21.130681294746555,36.64614726347157,2736441.0,1
37.0,49262.0,20.0,11817.0,5.385820699802613,78.32151538979547,2.1339334797568954,2463.1,36.702885133382,44.89288349664459,2748258.0,2
41.0,82796.0,19.0,12171.0,32.005983252098346,33.70920480528625,6.651461942384054,4357.684210526316,5.0679392135564125,47.357434727799756,2760429.0,2
50.0,34432.0,3.0,13582.0,75.31873359134028,78.64712707942208,1.5732628000182824,11477.333333333334,49.98982183936984,63.55928242483456,2774011.0,0
41.0,71996.0,20.0,13201.0,26.933129830202507,50.28799928245187,1.18874391177072,3599.8,42.30347578188162,54.21477705572003,2787212.0,2
28.0,109104.0,11.0,18778.0,53.95562204955051,28.147342823836222,7.647191414762791,9918.545454545454,3.680742549414703,52.36082306190335,2805990.0,1
41.0,71996.0,17.0,13473.0,72.79471767307432,25.958132165221578,6.710552838599144,4235.058823529412,3.868255386636736,34.797824757169856,2819463.0,2
53.0,109714.0,27.0,10461.0,10.794371464646437,32.5318442423444,4.3532422145523615,4063.4814814814813,7.4730149711390705,28.879106410467358,2829924.0,2
55.0,71996.0,13.0,16596.0,68.52980161158733,50.28799928245187,5.493097714801039,5538.153846153846,9.154761464911116,36.259325230005906,2846520.0,1
57.0,117731.0,11.0,1529.0,9.18708877100447,44.84901345969361,3.119840203264185,10702.818181818182,14.375420065671818,42.55628566149659,2848049.0,1
37.0,30302.0,2.0,10507.5,96.51297421269966,43.72605607957486,4.825004202353607,15151.0,9.062387149475551,46.287689607240075,2858556.5,0
52.0,71996.0,9.0,14910.0,48.63065826106465,38.79237566421044,5.066726489827458,7999.555555555556,7.65629953424454,42.455815067826265,2873466.5,1
42.0,30055.0,26.0,12561.0,15.067610770987738,28.823711033995306,3.872372711780959,1155.9615384615386,7.443423755751773,37.1140475925935,2886027.5,2
52.0,38717.0,2.0,10507.5,34.23836360335465,49.27107183154439,9.065722106721628,19358.5,5.4348755952946295,38.962386176583344,2896535.0,0
42.0,58699.0,21.0,1525.0,41.34164492952615,27.80286695066832,0.1606186498100614,2795.190476190476,173.09862200651312,35.29921660540263,2898060.0,2
46.0,103686.0,9.0,17385.0,75.81850110765373,70.12881418293966,7.821712630912462,11520.666666666666,8.965915457668586,49.06758432171742,2915445.0,1
35.0,97661.0,9.0,1374.0,74.34237860766093,50.28799928245187,1.2438283124132432,10851.222222222223,40.430016571084806,49.40656013868658,2916819.0,1
35.0,74247.0,8.0,13197.0,61.19405053373311,42.48821406690778,7.975473605371994,9280.875,5.3273593731523645,54.30167584409973,2930016.0,1
19.0,46748.0,17.0,5648.0,10.593071255849296,48.44038570898935,6.159119156767212,2749.8823529411766,7.864823601564264,47.0721996861163,2935664.0,2
52.0,34621.0,1.0,3365.0,15.15693715876736,46.6476627899451,8.432780909364023,34621.0,5.531705767209733,45.858754188614036,2939029.0,0
33.0,45034.0,25.0,18909.0,9.375692064555665,79.69147838355929,0.9751432564089746,1801.36,81.72284211555551,58.25984229416454,2957938.0,2
58.0,35126.0,29.0,2646.0,57.71727832875501,52.72286727309815,5.2065182945292126,1211.2413793103449,10.126319411668465,59.68733614886747,2960584.0,2
53.0,35122.0,11.0,1013.0,87.71384415114039,25.29210222739224,5.010878802621971,3192.909090909091,5.047438428197067,52.56881596134985,2961597.0,1
50.0,48030.0,8.0,5599.0,43.38005122547718,56.4126404946158,7.061931829633586,6003.75,7.988273160312114,44.80920333170203,2967196.0,1
21.0,112838.0,10.0,3278.0,16.08481739577462,29.0950575721928,5.342905518936759,11283.8,5.445549704944573,36.933266764733574,2970474.0,1
50.0,114717.0,25.0,15296.0,55.804232514896704,21.85625868388052,5.407345671331042,4588.68,4.041956999301749,35.787985583563,2985770.0,2
31.0,85658.0,7.0,4155.0,81.17522168657099,78.24452922063489,4.295959435760647,12236.857142857143,18.213516768642588,43.065281825569365,2989925.0,1
38.0,68638.0,3.0,9321.0,74.171206151293,66.41233349207383,3.0883442400734085,22879.333333333332,21.50418746405525,55.504373798863035,2999246.0,0
37.0,97067.0,3.0,4814.0,88.14507796750213,78.80653954482602,4.822643612521922,32355.666666666668,16.34094199708351,74.48780075251153,3004060.0,0
25.0,118869.0,18.0,14125.0,27.790209724886783,48.67270688133455,1.184923587684006,6603.833333333333,41.076662990959484,64.63052663941143,3018185.0,2
24.0,64674.0,5.0,10507.5,19.395386726777485,51.93545186893857,9.615133389830849,12934.8,5.40142811995375,59.804899431699674,3028692.5,0
20.0,65854.0,16.0,3113.0,87.98164859419387,30.10021735514781,7.144107636265983,4115.875,4.213292812435888,43.56945870180693,3031805.5,2
34.0,71996.0,12.0,11238.0,65.75603127780231,34.81444560005514,9.524671166878468,5999.666666666667,3.6551860941006025,38.9500382747138,3043043.5,1
50.0,103688.0,19.0,10507.5,31.092893000755417,70.31295289416968,2.2672738232996323,5457.263157894737,31.012113389921783,45.07587194979084,3053551.0,2
29.0,68518.0,6.0,13588.0,74.23480505725092,41.371138827055645,8.79341020176528,11419.666666666666,4.7047889132648875,48.83284577376011,3067139.0,1
39.0,40267.0,2.0,4374.0,81.51183844803678,69.60889842778514,8.087899845635384,20133.5,8.60654802313723,60.43099671633678,3071513.0,0
39.0,31062.0,12.0,7430.0,61.49782403411324,62.540823457221904,6.771524124576737,2588.5,9.235856257269274,57.84028690402085,3078943.0,1
47.0,80448.0,19.0,12970.0,68.78841098799151,30.63025551631193,6.250291860852057,4234.105263157895,4.900612035121242,54.25999246710628,3091913.0,2
55.0,36229.0,5.0,1629.0,37.52599044426663,50.44678196718453,3.1654966526787,7245.8,15.936450896100476,47.872620313572746,3093542.0,0
55.0,86793.0,12.0,17653.0,53.86956673430391,60.64323929112301,8.164107849650307,7232.75,7.428030154417979,47.24009225820644,3111195.0,1
25.0,77915.0,27.0,10507.5,52.415917072616224,34.10223288822951,5.015154614797338,2885.740740740741,6.7998367961797275,48.397418048845644,3121702.5,2
44.0,34632.0,27.0,6724.0,84.80477911307719,69.8413106312046,0.7089157589128536,1282.6666666666667,98.51849074184587,54.86226093685233,3128426.5,2
44.0,596695.0,17.0,12083.0,83.99639802821825,50.28799928245187,3.1286316085513,35099.705882352944,16.0734805417815,51.41051426729529,3140509.5,2
41.0,36168.0,29.0,14149.0,83.26804693470432,29.914523026556196,9.352970985453275,1247.1724137931035,3.198397928645605,50.01461098007085,3154658.5,2
38.0,37561.0,16.0,10472.0,48.63065826106465,54.97906556987615,8.506802606048463,2347.5625,6.462953017245893,45.06052929296137,3165130.5,2
47.0,103794.0,10.0,7276.0,74.95454844688882,79.98282824935484,9.819056980765392,10379.4,8.145673093254644,54.95880561526235,3172406.5,1
50.0,112152.0,25.0,16635.0,75.86763901110048,29.031289499804814,6.279933826040981,4486.08,4.622865511642951,54.66439443967855,3189041.5,2
45.0,56734.0,23.0,10507.5,67.83788228551418,69.00541580717169,2.47510073140412,2466.695652173913,27.879841386505934,59.33984451877708,3199549.0,2
50.0,36371.0,17.0,14994.0,75.62646578914526,32.43854019125348,1.6281504967686378,2139.470588235294,19.923551450331953,43.49174849940996,3214543.0,2
22.0,56069.0,15.0,11552.0,84.19703714967088,66.94329976760524,1.8691444060846163,3737.9333333333334,35.814942681627514,56.129085255343426,3226095.0,1
36.0,109905.0,12.0,17959.0,47.03190541017857,64.0746753872848,5.2065182945292126,9158.75,12.306626379208488,54.48550511538113,3244054.0,1
21.0,42910.0,16.0,7099.0,50.20502134884472,38.02936313602594,3.906821109859392,2681.875,9.734093798165905,56.34911276363862,3251153.0,2
52.0,103479.0,24.0,10499.0,12.471405691139047,39.549387053866994,1.914276804995425,4311.625,20.660223720342007,47.21780852572587,3261652.0,2
34.0,107735.0,19.0,4178.0,38.53758830473618,67.55128351777515,4.116554604567025,5670.263157894737,16.409665365019524,48.37667790255599,3265830.0,2
41.0,111264.0,8.0,7116.0,64.33651799117843,47.68673071323876,9.349944318387656,13908.0,5.100215476091954,51.59580042829359,3272946.0,1
47.0,53275.0,21.0,16563.0,78.03997761472745,63.849081722708526,4.3054020950719,2536.904761904762,14.829992719098692,59.695698651240775,3289509.0,2
46.0,71996.0,17.0,4568.0,21.720909769121054,28.879048841950087,5.2065182945292126,4235.058823529412,5.546710336597676,46.80495375929909,3294077.0,2
41.0,111449.0,23.0,10847.0,13.78228991592354,50.28799928245187,6.055047666158765,4845.608695652174,8.305136813952425,47.67204328237012,3304924.0,2
52.0,90004.0,5.0,15135.0,48.63065826106465,62.65308300093915,2.471315546613919,18000.8,25.35211785754493,47.27337704178033,3320059.0,0
58.0,92981.0,22.0,19587.0,0.1879883524910641,74.41656853009003,3.558547592592114,4226.409090909091,20.9120621809314,62.45255027116031,3339646.0,2
54.0,114659.0,16.0,18774.0,17.837258430732984,27.942342742098347,0.8391953582142941,7166.1875,33.29658877231669,55.00399809104247,3358420.0,2
41.0,84553.0,6.0,2742.0,2.907138034395373,55.58087002163586,3.334625935960105,14092.166666666666,16.6677975548202,52.64659376460804,3361162.0,1
46.0,78447.0,8.0,19309.0,16.688511785487094,55.94723510241951,6.775409455035341,9805.875,8.25739543472767,46.49014928871787,3380471.0,1
48.0,64529.0,25.0,1619.0,18.131927992550523,41.207644432806944,0.7211109292943518,2581.16,57.1446677047746,50.911916518954065,3382090.0,2
52.0,105703.0,18.0,18658.0,38.76735947503942,47.50798547415547,2.054014084780293,5872.388888888889,23.129337732480614,48.22095500312727,3400748.0,2
50.0,106090.0,25.0,18340.0,40.2327124686556,22.27889379739121,3.814410414133115,4243.6,5.840717536540818,36.99817456811784,3419088.0,2
38.0,47260.0,12.0,2939.0,87.42624706102377,50.28799928245187,9.820495370159623,3938.3333333333335,5.120719208855396,40.02495951799948,3422027.0,1
49.0,33812.0,16.0,17001.0,51.01097124988252,50.28799928245187,7.848618229588801,2113.25,6.407242372022791,40.95163078743161,3439028.0,2
40.0,58024.0,27.0,1968.0,72.34047656122863,23.464463112150423,7.334867464921039,2149.037037037037,3.1990302789203873,41.34682055901801,3440996.0,2
50.0,71996.0,26.0,15846.0,10.413735792028744,60.84535357762913,1.1619095652544598,2769.076923076923,52.36668618379428,44.865938657410446,3456842.0,2
20.0,57285.0,9.0,10507.5,22.543875546369385,48.00692463387128,7.809958936149915,6365.0,6.146885665641837,44.10558044121691,3467349.5,1
35.0,31605.0,13.0,16360.0,70.29434409786768,22.0676755655,7.852688115160151,2431.153846153846,2.8102065486208274,43.639984592333434,3483709.5,1
42.0,101158.0,26.0,7262.0,5.280396046852809,78.17646361088572,6.011026956243283,3890.6923076923076,13.005508739182853,49.41702127008563,3490971.5,2
59.0,102303.0,15.0,2058.0,48.65976622437531,76.94672858536643,9.90361781998372,6820.2,7.769557547960076,59.06362258725068,3493029.5,1
48.0,71996.0,10.0,11724.0,59.936896566293385,50.774144968831855,3.2525390592455192,7199.6,15.610618056838883,68.63244572169462,3504753.5,1
20.0,107149.0,16.0,6178.0,60.214564405248105,25.62034524235461,9.412724482418517,6696.8125,2.721884114446287,51.11373959885092,3510931.5,2
57.0,86138.0,7.0,7980.0,2.293281126804203,65.2772732959155,9.147311149565036,12305.42857142857,7.136225304746467,47.22392116903395,3518911.5,1
41.0,71996.0,16.0,10200.0,32.21080042291855,49.51586600634374,0.1148065974937784,4499.75,431.29808815235646,46.80449484820459,3529111.5,2
49.0,43918.0,23.0,2229.0,63.6490651049154,38.1468486973628,4.50116526474811,1909.4782608695652,8.474882936673852,50.97999599987398,3531340.5,2
39.0,115655.0,26.0,9467.0,14.899973614924344,49.485090651713406,9.771042330515732,4448.2692307692305,5.064463849180919,45.71593511847328,3540807.5,2
40.0,57446.0,21.0,3289.0,69.54156483280532,51.34664872432786,1.031213624080758,2735.5238095238096,49.79244603182893,46.32619602446798,3544096.5,2
19.0,43046.0,22.0,2239.0,74.59252088136745,53.76270194134035,5.477846943833194,1956.6363636363637,9.814568112726276,51.531480439127165,3546335.5,2
44.0,54818.0,26.0,6370.0,98.19691904461452,46.4734228193196,9.78957507041104,2108.3846153846152,4.747235961220153,50.52759116166257,3552705.5,2
59.0,34324.0,7.0,17170.0,20.984199485640943,56.3453181883434,5.554954241058602,4903.428571428572,10.143255145447558,52.19381431633442,3569875.5,1
19.0,106323.0,14.0,1125.0,82.51306676661152,75.12408263638264,5.2065182945292126,7594.5,14.428852140079835,59.31427454801517,3571000.5,1
43.0,39111.0,15.0,13504.0,52.0296576918654,41.736085225915474,5.821832300925898,2607.4,7.1688916939908784,57.73516201688047,3584504.5,1
34.0,68110.0,21.0,16398.0,37.34625961441734,63.54298779319694,2.0444057394954687,3243.3333333333335,31.081397672498454,60.13438521849832,3600902.5,2
57.0,46389.0,7.0,7638.0,12.237675732517792,73.66715340945393,5.197042628944843,6627.0,14.17482184948146,59.64874214285542,3608540.5,1
41.0,71427.0,9.0,7570.0,73.55056064875376,47.358756545596215,0.74042217912348,7936.333333333333,63.96182864438237,61.522965916082335,3616110.5,1
26.0,596695.0,19.0,4249.0,-49.96674938795106,46.607350182914246,6.054826692144046,31405.0,7.6975531344911765,55.87775337932143,3620359.5,2
56.0,58746.0,16.0,10110.0,37.142200187304574,56.12701912128677,5.167899391281582,3671.625,10.860702748194928,50.03104194993238,3630469.5,2
46.0,117886.0,8.0,8595.0,6.254222689736844,55.48440556534928,7.401613687614631,14735.75,7.4962579657721395,52.7395916231834,3639064.5,1
59.0,30117.0,18.0,14605.0,80.13669158195191,50.28799928245187,6.30700471158785,1673.1666666666667,7.9733568598827596,53.96647465636261,3653669.5,2
43.0,114471.0,27.0,13115.0,76.65885239716434,48.58900302669756,5.496062685307567,4239.666666666667,8.84069302131303,51.45380262483287,3666784.5,2
52.0,43234.0,23.0,7294.0,48.63065826106465,79.76737697836647,6.897788492481212,1879.7391304347825,11.564195838320531,59.54812642917193,3674078.5,2
42.0,83441.0,29.0,6757.0,29.94435104918867,23.568294132036847,1.4394191357223085,2877.2758620689656,16.37347562439494,50.641558045700265,3680835.5,2
41.0,30846.0,16.0,10507.5,17.348007426595725,20.190070914842103,5.953596612586041,1927.875,3.3912393177864666,41.17524734174844,3691343.0,2
30.0,40954.0,16.0,2969.0,63.75532644702297,58.41189869357743,1.7211060282277768,2559.625,33.93858236248476,34.056754580152095,3694312.0,2
24.0,109239.0,7.0,10507.5,48.63065826106465,37.9060947417126,9.255222078518807,15605.57142857143,4.095643996451681,38.83602145004401,3704819.5,1
53.0,76514.0,3.0,18275.0,17.82524669046416,34.42294332196903,0.683341048456042,25504.666666666668,50.37447025865795,43.58031225241965,3723094.5,0
37.0,118236.0,18.0,5470.0,68.59112710498637,38.713944800256826,4.303747496907933,6568.666666666667,8.99540338462496,37.01432762131279,3728564.5,2
18.0,36469.0,27.0,11225.0,99.11264318213036,35.36285390629726,6.957974776554448,1350.7037037037037,5.0823486778732985,36.16658067617434,3739789.5,2
25.0,60105.0,10.0,10556.0,74.72195877420377,21.84740297962687,5.2065182945292126,6010.5,4.196163682471488,31.974733895393623,3750345.5,1
33.0,72101.0,7.0,10206.0,73.99863866856118,78.29198254343532,0.9209525323290236,10300.142857142857,85.01196293520194,45.16741314311978,3760551.5,1
31.0,94323.0,17.0,10991.0,95.03127529305917,33.24472930716691,5.533790161267074,5548.411764705882,6.007587627709188,44.461371610076334,3771542.5,2
29.0,88067.0,14.0,8519.0,20.29363675749022,64.04178575535838,6.4163190882735455,6290.5,9.981078695478384,58.52616586865349,3780061.5,1
40.0,79376.0,24.0,14669.0,56.55499649214404,65.75578368165051,7.037923109905076,3307.3333333333335,9.34306650624056,54.34743291472523,3794730.5,2
32.0,75587.0,3.0,5612.0,97.96467150338836,75.75544388043376,3.732598144627589,25195.666666666668,20.295633482396237,68.51767110581419,3800342.5,0
45.0,66976.0,12.0,13373.0,16.529411097017455,21.8329674256028,5.636599710287622,5581.333333333333,3.8734287598522257,54.448064995895656,3813715.5,1
51.0,97584.0,28.0,18582.0,48.63065826106465,72.32290030682046,4.506864749389131,3485.1428571428573,16.04727550713015,56.6371038709523,3832297.5,2
19.0,108477.0,13.0,16552.0,58.5810145971902,51.63357085038801,5.2065182945292126,8344.384615384615,9.917101588722423,48.59647952760372,3848849.5,1
49.0,72533.0,2.0,10507.5,58.64790921887069,57.95264659794967,5.835569673248186,36266.5,9.930932169933662,60.636372585052676,3859357.0,0
40.0,31828.0,3.0,10507.5,69.76706275200752,58.66821662726202,5.2575621955913485,10609.333333333334,11.158825030440418,56.084811358533194,3869864.5,0
39.0,31917.0,5.0,16577.0,92.96169228756844,69.18786829908365,2.4952436683824866,6383.4,27.727900555673546,61.93624384143175,3886441.5,0
42.0,50618.0,11.0,16504.0,78.2581939851338,40.00443932954663,0.0201851774823391,4601.636363636364,1981.8720625344151,55.95350808529739,3902945.5,1
39.0,62254.0,8.0,4719.0,5.613610341621,63.9830713915996,1.7408167531142926,7781.75,36.754627548899066,57.72512634007659,3907664.5,1
39.0,77362.0,26.0,1302.0,85.27280198757113,51.71468658333183,5.2065182945292126,2975.4615384615386,9.932681238760155,51.90073243482598,3908966.5,2
41.0,50128.0,16.0,13144.0,22.554132992573265,67.60364085832086,4.490847450109468,3133.0,15.053648918017235,61.10046627775072,3922110.5,2
23.0,89383.0,23.0,18370.0,37.6914164736372,79.432761966208,6.122581507618446,3886.217391304348,12.97373695513376,66.25036313595353,3940480.5,2
32.0,95545.0,12.0,11055.0,46.17328136123822,32.03906104422568,2.1308500868480817,7962.083333333333,15.03581187713554,59.6918212895848,3951535.5,1
54.0,112180.0,7.0,5440.0,48.090600075306966,50.28799928245187,9.390570959671871,16025.714285714286,5.355158860778052,53.91994076429515,3956975.5,1
50.0,117958.0,15.0,4072.0,48.63065826106465,25.38872925696644,0.0668212922388777,7863.866666666667,379.94968978158835,35.90526319454796,3961047.5,1
25.0,39865.0,24.0,14598.0,93.73532942158644,20.139052874288836,7.723010151653429,1661.0416666666667,2.6076688336318243,31.938593804569013,3975645.5,2
22.0,32219.0,17.0,15287.0,70.60190076640247,22.64971617066988,6.252047695304422,1895.235294117647,3.6227676554164594,22.725832767308347,3990932.5,2
56.0,69809.0,4.0,14965.0,63.11706459567064,40.5069442842057,3.735548010476819,17452.25,10.843641728228048,27.7652377763881,4005897.5,0
21.0,35287.0,29.0,10519.0,4.984202778294156,57.97437984070605,0.5048894441240792,1216.7931034482758,114.82589013379837,40.377013431860505,4016416.5,2
23.0,71996.0,22.0,14380.0,90.39133302603749,24.141772453270978,6.274865717842793,3272.5454545454545,3.847376746983291,40.87436552606087,4030796.5,2
49.0,71996.0,25.0,12865.0,90.93901920083962,20.33994887177404,3.85613512865648,2879.84,5.274698161021319,34.152033721916986,4043661.5,2
47.0,31342.0,13.0,9125.0,78.02130634301024,76.22546170752769,9.362671394132192,2410.923076923077,8.141422303393023,40.235727677524196,4052786.5,1
52.0,93076.0,16.0,4291.0,0.7029203813619156,69.31559815639578,5.419900748897659,5817.25,12.78908994237463,55.29366957856579,4057077.5,2
57.0,49216.0,16.0,5033.0,5.728025107762336,68.55099026834186,9.396515112935084,3076.0,7.295363168625752,71.36401671075507,4062110.5,2
33.0,109767.0,16.0,6105.0,48.63065826106465,73.06545653011862,2.204836934733041,6860.4375,33.1387121555841,70.31068165161872,4068215.5,2
30.0,56614.0,13.0,18087.0,13.134940814490667,62.002056366326265,7.257259103641033,4354.923076923077,8.543453593274528,67.87283438826222,4086302.5,1
59.0,66258.0,10.0,9133.0,48.63065826106465,26.264247784884887,6.172490208487257,6625.8,4.255048918307103,53.77725356044322,4095435.5,1
47.0,72078.0,12.0,17958.0,92.26230580877896,43.946011284423385,7.394082298313118,6006.5,5.94340305009172,44.07077181187814,4113393.5,1
36.0,113524.0,2.0,6704.0,47.206043419699824,50.28799928245187,5.2065182945292126,56762.0,9.658661784650283,40.16608611725334,4120097.5,0
34.0,42219.0,23.0,10507.5,1.340262643216561,50.28799928245187,6.649945162377737,1835.608695652174,7.562167514847751,48.174003283108995,4130605.0,2
36.0,30235.0,16.0,13975.0,28.2745689578762,61.24438184817426,4.98040393056869,1889.6875,12.297071221928187,53.940126804359295,4144580.0,2
45.0,72929.0,10.0,7924.0,4.459490837296154,21.46990689605914,7.428249749063163,7292.9,2.890304933375037,44.33409600889505,4152504.0,1
43.0,97444.0,2.0,1488.0,3.628762261350216,38.3682404527756,3.2704464415181778,48722.0,11.731805164485323,40.36084306566963,4153992.0,0
54.0,38567.0,16.0,8114.0,27.571985309555224,52.94782017663036,8.900570254652525,2410.4375,5.948812116724023,37.59532250848833,4162106.0,2
41.0,100792.0,23.0,16740.0,48.63065826106465,57.92538977037454,0.8430131461135038,4382.260869565217,68.7123208427113,49.74715013326013,4178846.0,2
40.0,95441.0,13.0,4173.0,78.7126602601604,54.62243986771465,8.071893187911881,7341.615384615385,6.766992401425091,55.165216604906476,4183019.0,1
26.0,71996.0,13.0,2667.0,97.4834652781112,61.86537656440577,8.613196258150907,5538.153846153846,7.182627065517153,58.137735400831616,4185686.0,1
29.0,71996.0,18.0,5114.0,37.12070938899983,20.365324894390344,8.172523113668213,3999.777777777778,2.4919262522892307,45.617713775503546,4190800.0,2
18.0,35415.0,3.0,4553.0,42.88868788610386,26.05647199865129,5.2065182945292126,11805.0,5.004586659386239,36.095724485815765,4195353.0,0
18.0,66159.0,27.0,8761.0,84.47894362860214,72.1366551367487,4.383849800307614,2450.3333333333335,16.45509276610866,39.519484009930075,4204114.0,2
51.0,73925.0,7.0,2000.0,26.813902009551335,60.90491864540967,5.2065182945292126,10560.714285714286,11.697820923707493,53.03268192693651,4206114.0,1
49.0,35951.0,14.0,16638.0,15.638180440344795,26.77589856116068,2.291719512141621,2567.9285714285716,11.683759037395678,53.27249078110631,4222752.0,1
42.0,117388.0,20.0,18772.0,85.30896234036504,70.52446624391476,5.468759658760446,5869.4,12.895879622528502,52.735094483495004,4241524.0,2
57.0,38007.0,29.0,6450.0,4.650058644006549,34.53387306947401,6.706755253823255,1310.5862068965516,5.149117831575503,43.94474595818311,4247974.0,2
18.0,71832.0,17.0,4712.0,61.96994401994157,48.69559305171341,7.00867635861432,4225.411764705882,6.94790150951427,51.251310788367356,4252686.0,2
33.0,88596.0,29.0,2367.0,56.19928474668068,28.711790773079617,2.040246657385787,3055.0344827586205,14.072705704058679,37.31375229808898,4255053.0,2
56.0,60523.0,21.0,9189.0,34.59204475016943,62.6066033853024,6.539940923398012,2882.0476190476193,9.572961609074193,46.67132907003177,4264242.0,2
41.0,118861.0,12.0,10013.0,31.5189521097359,60.01126526085607,8.183695664813373,9905.083333333334,7.333027487676573,50.44321980641266,4274255.0,1
39.0,116740.0,25.0,17838.0,77.18577261816213,32.66674826996817,0.5001857682111222,4669.6,65.30923178162067,51.76153897204217,4292093.0,2
46.0,45524.0,16.0,4726.0,8.642461076254648,71.80404601142011,9.115212933253163,2845.25,7.877385480428233,54.827353180748084,4296819.0,2
20.0,71996.0,24.0,5806.0,23.67843093113854,44.07836145318273,0.2950405514520593,2999.8333333333335,149.39763783740403,49.51638524485696,4302625.0,2
29.0,53930.0,12.0,3190.0,73.24487318380898,50.28799928245187,3.559710324883944,4494.166666666667,14.126992000140177,55.390135582351526,4305815.0,1
43.0,30077.0,15.0,10108.0,54.83205837264242,29.13977536787213,0.1581319623296206,2005.1333333333334,184.27505065124834,41.168712034502214,4315923.0,1
33.0,71996.0,25.0,13178.0,12.798820853358638,35.97008075093225,0.7714516853958187,2879.84,46.626485406505545,38.465951800418715,4329101.0,2
54.0,46984.0,16.0,3875.0,88.213561428206,21.32161527342902,9.11168285180079,2936.5,2.3400304444546287,28.810490464077763,4332976.0,2
39.0,44060.0,25.0,6592.0,39.34478465635915,54.99544954736693,3.5486083074614783,1762.4,15.497751451387519,37.429048523909366,4339568.0,2
46.0,112985.0,7.0,18824.0,82.78683753221728,70.53384478063688,4.247715304250529,16140.714285714286,16.60512527994904,48.95030320047758,4358392.0,1
31.0,114056.0,20.0,10507.5,78.77130155277086,52.93882696649851,2.1534438138255263,5702.8,24.583333276039518,59.48937376483408,4368899.5,2
45.0,73303.0,5.0,9927.0,48.63065826106465,33.156437715432546,5.9709577018671975,14660.6,5.552951364077506,52.20970315418928,4378826.5,0
22.0,89207.0,1.0,15437.0,49.448113129509295,22.020150692832363,5.948032146777896,89207.0,3.7020900609558547,36.038471791587774,4394263.5,0
47.0,105046.0,17.0,12530.0,97.95508403817568,32.87768439552817,3.722003918252193,6179.176470588235,8.833328797506244,29.351424267930994,4406793.5,2
22.0,59287.0,3.0,8010.0,14.496507237981705,44.96728568426554,3.330348718053984,19762.333333333332,13.502275434550045,33.288373590875324,4414803.5,0
29.0,69711.0,13.0,12207.0,72.51557275511148,65.57668572198779,8.849643081805878,5362.384615384615,7.410093843988798,47.80721860059381,4427010.5,1
33.0,41954.0,14.0,10507.5,19.1190701464789,50.28799928245187,3.8328423964220137,2996.714285714286,13.120288830398058,53.610656896235035,4437518.0,1
43.0,103340.0,24.0,13040.0,33.82631053323484,63.187487201281165,4.935009921544083,4305.833333333333,12.803923032744551,59.684057401906905,4450558.0,2
43.0,102101.0,18.0,10218.0,30.869874337319526,72.01600810111302,2.833047624249306,5672.277777777777,25.419977936373602,61.83049819494865,4460776.0,2
38.0,101520.0,4.0,7471.0,94.7035987738723,47.236810886501424,7.867695033571273,25380.0,6.003894493233792,60.8134353962985,4468247.0,0
41.0,117062.0,18.0,3863.0,96.73561777882752,69.2859194985556,3.974481568990917,6503.444444444444,17.432693622012856,62.84624616205665,4472110.0,2
53.0,48574.0,5.0,11693.0,18.30154442347272,53.27944088210573,5.136110465443245,9714.8,10.373499799231388,56.600723755720885,4483803.0,0
50.0,39184.0,25.0,2177.0,2.2035160297504186,58.2254502248543,2.533571700596614,1567.36,22.981567962392056,60.26360353517185,4485980.0,2
47.0,49096.0,16.0,5760.0,72.00080396631131,51.57670762029216,9.876595923412518,3068.5,5.222113774851245,54.360532909084036,4491740.0,2
54.0,97728.0,1.0,1011.0,41.798993387048434,47.79036300508051,2.914957409237229,97728.0,16.394875223094957,52.530840283408956,4492751.0,0
40.0,64016.0,21.0,17353.0,48.63065826106465,34.07920650655096,7.707425309055517,3048.3809523809523,4.421607104840967,44.48209237730784,4510104.0,2
41.0,41246.0,14.0,12556.0,68.37541055770426,38.191643567662766,4.274956503567592,2946.1428571428573,8.933808691571619,40.02040435976471,4522660.0,1
22.0,75558.0,15.0,12563.0,54.51055282606997,37.39820713661654,2.062174050841399,5037.2,18.13533010046242,36.556352403610056,4535223.0,1
53.0,48381.0,9.0,15051.0,98.0516822001106,53.79733585722888,7.997187639648612,5375.666666666667,6.727031836856173,43.12906218716936,4550274.0,1
51.0,66455.0,15.0,12022.0,22.74094958613789,27.1972215814334,3.3360678902904315,4430.333333333333,8.152478449431575,39.46425485842624,4562296.0,1
48.0,34018.0,17.0,9234.0,40.397787632654826,75.00750144214011,8.651933473978112,2001.0588235294117,8.6694496285409,52.00068629360076,4571530.0,2
27.0,41302.0,25.0,17173.0,54.25458033954229,63.2393087169868,9.15257184917823,1652.08,6.909457774173582,55.148010580186735,4588703.0,2
36.0,97506.0,24.0,14178.0,79.16999884533517,44.08673785479162,8.598238353912759,4062.75,5.127415179730309,60.77784933797282,4602881.0,2
49.0,71157.0,4.0,7570.0,54.88386567200587,29.51744867158268,0.3500791480680565,17789.25,84.31650052417402,45.614498414453664,4610451.0,0
18.0,84917.0,12.0,1406.0,61.29001608619492,72.91953018329815,7.873733450051056,7076.416666666667,9.261112361230023,48.84123890322412,4611857.0,1
22.0,113122.0,27.0,10206.0,22.614705158994077,69.42668540606991,4.113394664991439,4189.7037037037035,16.878196978508115,57.28788808698355,4622063.0,2
21.0,54519.0,26.0,5431.0,84.69187280885599,63.30329316303076,8.73722920182225,2096.8846153846152,7.245236642049876,68.54983625079957,4627494.0,2
33.0,117487.0,5.0,7542.0,42.86305469704757,36.29282284467455,6.379542626847387,23497.4,5.688938058340018,56.34093380459171,4635036.0,0
41.0,86819.0,29.0,9906.0,48.63065826106465,44.14679824602014,8.336431341439583,2993.7586206896553,5.295647074614617,47.91430475124179,4644942.0,2
33.0,110910.0,5.0,5146.0,66.41879145054173,26.1648951471454,4.994317698668354,22182.0,5.238932868472065,35.534838745946665,4650088.0,0
41.0,101324.0,11.0,13046.0,21.60904531853075,31.342371483651903,5.3502550459893286,9211.272727272728,5.858107924620687,33.88468829227244,4663134.0,1
45.0,35408.0,28.0,13611.0,9.756251023929972,66.98099823900398,1.4438763213366723,1264.5714285714287,46.38970613286057,41.49608828993373,4676745.0,2
49.0,71996.0,6.0,14076.0,86.19869084042723,62.90232313104103,7.839873586893554,11999.333333333334,8.023384871434546,53.741897617898935,4690821.0,1
44.0,55053.0,16.0,17524.0,46.016226448843966,55.60914577855608,4.193896116669716,3440.8125,13.259542971873639,61.830822382867005,4708345.0,2
37.0,39446.0,24.0,5882.0,74.92837126957764,73.74360355557037,5.2065182945292126,1643.5833333333333,14.16370775707386,64.08502415505579,4714227.0,2
41.0,30922.0,14.0,15113.0,-49.96674938795106,54.99599106878272,7.850977140957076,2208.714285714286,7.004986778254511,61.449580134303034,4729340.0,1
29.0,81356.0,24.0,14645.0,78.69701349176663,48.01807999781664,5.988454000794389,3389.8333333333335,8.018443489997063,58.919224874056546,4743985.0,2
52.0,40789.0,11.0,7012.0,11.193592702153031,40.42224477834576,2.0109872744266744,3708.090909090909,20.100696455113074,47.81210528164834,4750997.0,1
50.0,96656.0,13.0,18347.0,35.597337379485275,76.42691034417035,5.902326591508928,7435.076923076923,12.948607495579441,54.955745040110884,4769344.0,1
50.0,74028.0,2.0,8151.0,97.80618179735283,24.96292769146121,4.076328579796558,37014.0,6.123875247737528,47.27069427132574,4777495.0,0
54.0,94484.0,25.0,4610.0,79.39897163680061,75.8532423236485,4.6952554204386265,3779.36,16.155296257889706,59.08102678642666,4782105.0,2
29.0,62154.0,7.0,10884.0,49.72559303146882,69.6028795958611,0.2831127440266778,8879.142857142857,245.8486276735829,56.80634987032357,4792989.0,1
20.0,112870.0,20.0,7894.0,33.97774715618851,27.79579547214208,2.1002934951628163,5643.5,13.234243469381086,57.75063913055053,4800883.0,2
18.0,32336.0,4.0,14467.0,87.21357000224765,53.89906146051521,2.8103808138102826,8084.0,19.178561565626215,50.43257884283943,4815350.0,0
50.0,97779.0,27.0,17489.0,54.48477590845157,71.99287890494521,7.129600078588058,3621.4444444444443,10.097744349105573,51.2292452792008,4832839.0,2
57.0,49029.0,8.0,10873.0,75.84250178691111,54.30854981642922,5.2065182945292126,6128.625,10.430876594344118,60.066830060629854,4843712.0,1
27.0,89201.0,20.0,13289.0,75.4107680316164,74.43198929363734,4.087772612291321,4460.05,18.208446592609256,66.91113933833724,4857001.0,2
41.0,62265.0,29.0,13208.0,1.794567856849183,76.57902900896255,9.240268704257328,2147.0689655172414,8.287532696281852,68.43985603967634,4870209.0,2
30.0,73872.0,22.0,11828.0,12.625378279261346,45.343071331058354,1.1188061654912385,3357.818181818182,40.528084962017886,65.45136321121939,4882037.0,2
29.0,76197.0,21.0,3137.0,65.96293663947422,42.63881968437941,5.16424388218611,3628.4285714285716,8.256546487175136,54.853640008133404,4885174.0,2
48.0,85180.0,19.0,2286.0,16.161981128587144,76.1792692381494,7.865223823908471,4483.1578947368425,9.685581865652946,54.72038675119569,4887460.0,2
19.0,53710.0,13.0,16710.0,25.54933446556047,60.50840366898009,9.425313075201167,4131.538461538462,6.419776530095648,59.77549753050294,4904170.0,1
52.0,59486.0,14.0,12371.0,94.66379541996072,26.96136088089016,7.46776639533718,4249.0,3.6103647936449437,54.54967792933986,4916541.0,1
40.0,101907.0,10.0,16945.0,56.01822583749119,22.537504953360877,5.2065182945292126,10190.7,4.328709451965688,36.66908983441035,4933486.0,1
34.0,101895.0,11.0,8052.0,75.07295069993472,53.87774305983579,5.2065182945292126,9263.181818181818,10.348132861925833,34.45886963136224,4941538.0,1
43.0,94435.0,2.0,4654.0,48.63065826106465,75.81025792630547,4.462012209775437,47217.5,16.99015026454193,50.74183531316734,4946192.0,0
25.0,70631.0,25.0,19743.0,55.25136147827252,70.6549221443491,8.058445326178331,2825.24,8.767810574432074,66.78097437683009,4965935.0,2
46.0,50103.0,26.0,16600.0,9.41519101256979,60.550864787860185,0.0796440474545112,1927.0384615384614,760.2685539361104,69.00534828617155,4982535.0,2
43.0,94772.0,9.0,9636.0,34.3663192609103,28.34695093346525,9.24561055376805,10530.222222222223,3.0659901548538024,53.18424595522482,4992171.0,1
27.0,44382.0,17.0,7441.0,28.24308986865117,35.253883024921734,4.433065095171753,2610.705882352941,7.952484853723058,41.38389958208236,4999612.0,2
43.0,114291.0,26.0,10667.0,39.07283656136132,72.53067359315696,5.533801878657476,4395.807692307692,13.106843212600378,45.37716918384795,5010279.0,2
51.0,33756.0,16.0,13149.0,79.83441882243282,30.968434199414027,2.548822489148823,2109.75,12.150094536303273,46.2509969391642,5023428.0,2
58.0,50609.0,24.0,2798.0,37.19326679168648,36.70636449502607,7.425308328404214,2108.7083333333335,4.943412835075456,46.735157429198985,5026226.0,2
24.0,71996.0,6.0,10600.0,45.16968192316827,27.776039071726515,0.7663580647524881,11999.333333333334,36.24420535157725,31.816945922055506,5036826.0,1
21.0,69666.0,5.0,6495.0,39.73813904853165,60.56649388486467,8.726358025468352,13933.2,6.94063820302789,41.68296581720572,5043321.0,0
28.0,105683.0,5.0,10900.0,48.63065826106465,76.63893832179258,8.281168290063427,21136.6,9.254604620673105,54.993823759461215,5054221.0,0
46.0,101315.0,22.0,14673.0,44.10721582507837,36.13808189572316,2.160601162447664,4605.227272727273,16.725938374847342,57.781171367460104,5068894.0,2
53.0,107834.0,15.0,12130.0,19.560927304451504,48.52439647100442,8.093243982852623,7188.933333333333,5.995667074144111,53.76713889617336,5081024.0,1
42.0,44153.0,23.0,16222.0,18.672329577304147,58.060384382672254,7.863577330614815,1919.695652173913,7.383456910460979,47.57428758313324,5097246.0,2
38.0,106325.0,17.0,2300.0,9.403610443426636,79.96797489293783,6.32216597753949,6254.411764705882,12.648825604553393,62.18425191553814,5099546.0,2
53.0,42999.0,9.0,10435.0,35.667097414176475,26.288483899854327,3.735201768996875,4777.666666666667,7.038035834651673,54.77228105848811,5109981.0,1
27.0,85318.0,3.0,5616.0,75.74818847894174,49.91424797034255,2.714987541818678,28439.333333333332,18.38470608115818,52.0569022543782,5115597.0,0
54.0,30814.0,20.0,17393.0,27.644169058339607,43.10720719415001,2.3178359028935,1540.7,18.59804101763053,39.7699796881156,5132990.0,2
26.0,106077.0,26.0,11617.0,31.23491018855136,71.9492099133413,3.186089627636072,4079.8846153846152,22.58229313113336,54.99022169261125,5144607.0,2
41.0,71996.0,17.0,6752.0,64.26746576724236,48.55806386069936,9.035584434325305,4235.058823529412,5.374092203292574,54.538160322730185,5151359.0,2
52.0,105993.0,29.0,10852.0,19.58408125869189,26.658651475108886,0.7764077598878127,3654.9310344827586,34.33589004695282,49.055308416383156,5162211.0,2
52.0,105916.0,27.0,7295.0,89.69579304235343,58.06544871719502,8.288712762529586,3922.814814814815,7.005363846083423,44.42738801766772,5169506.0,2
53.0,103319.0,10.0,18456.0,52.01905232515544,66.24683709583279,3.488900750418236,10331.9,18.98788238326681,50.3236457627122,5187962.0,1
35.0,47368.0,3.0,4225.0,44.7602940320217,20.172875099936878,5.215993960113582,15789.333333333334,3.867503538960693,48.16172030432153,5192187.0,0
56.0,45328.0,18.0,2316.0,55.78201919292014,71.53740112523778,7.944856336484907,2518.222222222222,9.004240995110116,52.652371107002445,5194503.0,2
49.0,86942.0,18.0,13337.0,16.603431341619547,31.16138000033994,8.843765470229712,4830.111111111111,3.5235421049141116,40.957218741838155,5207840.0,2
41.0,57306.0,17.0,7807.0,61.34731386391763,53.124161879202674,3.4478142007264703,3370.9411764705883,15.408069804924281,51.94098100159343,5215647.0,2
40.0,115451.0,24.0,4683.0,-49.96674938795106,44.94785004124701,4.618434812751104,4810.458333333333,9.732269018315433,43.07779730692983,5220330.0,2
49.0,69915.0,3.0,8227.0,89.7186340964619,63.17922899663182,4.145160648167923,23305.0,15.241684064658813,53.75041363902713,5228557.0,0
54.0,67219.0,3.0,4273.0,16.885420667768614,42.269696887144505,5.2065182945292126,22406.333333333332,8.118611036392535,50.132258641674404,5232830.0,0
29.0,110879.0,6.0,1145.0,50.705110386544106,72.18579060090265,2.959428888586566,18479.833333333332,24.39179764693682,59.21157216155962,5233975.0,1
30.0,94644.0,13.0,6010.0,59.8112629369018,63.82978165752741,4.591892337325618,7280.307692307692,13.900539683537696,59.42842304852482,5239985.0,1
40.0,90279.0,24.0,17035.0,3.3383601786381223,58.86279026377529,4.110936088804397,3761.625,14.318585595159332,64.95945417406841,5257020.0,2
42.0,83028.0,29.0,4040.0,36.36931247561402,67.77443573377126,7.219292275156794,2863.0344827586205,9.387961194894174,63.48900255169128,5261060.0,2
52.0,30126.0,15.0,10654.0,73.26352347008329,65.24138209570293,3.848036172211033,2008.4,16.954461750346816,63.959536031083125,5271714.0,1
58.0,82329.0,25.0,17866.0,82.03775074489734,22.1563204952932,4.893764489706703,3293.16,4.527459492972269,51.724046108255756,5289580.0,2
47.0,57632.0,9.0,18633.0,31.316199481728237,43.68406123068969,4.296085921323634,6403.555555555556,10.168339747085536,43.693921273895235,5308213.0,1
34.0,95310.0,4.0,18014.0,79.85932723827513,75.84843783898938,7.406261488943705,23827.5,10.241123399736598,47.22960652165739,5326227.0,0
37.0,85176.0,14.0,15996.0,96.77558771033888,27.54345613953357,8.629723989869625,6084.0,3.1916960695228087,49.02531840307085,5342223.0,1
42.0,116066.0,5.0,17336.0,48.63065826106465,64.22579302592308,5.318890790075141,23213.2,12.075035108027805,55.87256233481531,5359559.0,0
39.0,74327.0,2.0,9853.0,11.76439881593252,78.47550868011979,7.894321941951912,37163.5,9.940753526035742,56.74825261519211,5369412.0,0
30.0,98904.0,16.0,12695.0,73.97303320855406,23.1319177426983,2.967866820198506,6181.5,7.794122561453455,55.27773981624702,5382107.0,2
36.0,33797.0,9.0,3852.0,31.966683244054472,60.93163283759663,5.413696101572687,3755.222222222222,11.255089257761606,54.179686420138204,5385959.0,1
53.0,77882.0,24.0,17014.0,98.84159894120764,48.08924847806182,3.4522995366997247,3245.0833333333335,13.929628054242775,44.05093301945221,5402973.0,2
29.0,43718.0,3.0,1987.0,48.53589831598871,54.75051532248333,4.142009255718303,14572.666666666666,13.218346928340832,54.59046554604722,5404960.0,0
58.0,64560.0,27.0,8622.0,12.243389835894105,25.12048018905949,7.324138648126686,2391.1111111111113,3.4298204056369985,42.65341466320151,5413582.0,2
41.0,106589.0,28.0,10160.0,72.51855480273908,22.58041711201637,8.816624823327126,3806.75,2.5611180655292087,34.15047087451969,5423742.0,2
29.0,52116.0,29.0,10507.5,32.30111983862138,60.0119996330553,1.214953910877654,1797.103448275862,49.39446599229764,35.90429897804368,5434249.5,2
26.0,66244.0,9.0,7652.0,99.70781570816617,69.39856578924307,6.346392564873805,7360.444444444444,10.935120240331843,50.663660844771535,5441901.5,1
24.0,31645.0,3.0,8421.0,97.9782457854522,66.92092009597803,5.821438075777985,10548.333333333334,11.49559940771759,65.44382850609209,5450322.5,0
45.0,77523.0,25.0,1769.0,65.61340180205806,52.62834367197424,1.1841503917593188,3100.92,44.44396931185669,62.98260985239841,5452091.5,2
31.0,49256.0,2.0,18727.0,12.982644895171758,25.99200926817069,2.118943304401091,24628.0,12.266495858659704,48.51375767870761,5470818.5,0
48.0,83173.0,12.0,10507.5,68.68609976750291,61.28266663016083,3.110024947326803,6931.083333333333,19.704879436043065,46.63433985676855,5481326.0,1
36.0,71996.0,10.0,5358.0,9.30304864600272,50.28799928245187,1.6693107081750147,7199.6,30.125008505714057,45.85422506026109,5486684.0,1
33.0,69282.0,9.0,12543.0,2.936415910239232,74.66412216604301,2.437294825243418,7698.0,30.634013330162524,62.078262692885204,5499227.0,1
22.0,93374.0,15.0,19733.0,82.2958446221486,70.29592157274229,2.676007988617075,6224.933333333333,26.268950568069968,65.08268100707902,5518960.0,1
52.0,98244.0,8.0,6699.0,20.975294768368137,62.56297802524345,3.356738330390596,12280.5,18.638026520811202,69.17434058800956,5525659.0,1
29.0,41694.0,25.0,18625.0,37.90271262190974,76.93075734986783,7.493904528011591,1667.76,10.265777614634278,69.92988564928449,5544284.0,2
42.0,86264.0,5.0,2125.0,97.34573899761732,21.88530929067637,5.719122038506007,17252.8,3.826690380678329,53.79301488859585,5546409.0,0
38.0,105060.0,11.0,11793.0,33.684050186110326,64.17202550364573,9.862466719514014,9550.90909090909,6.506691209073899,54.32936404806327,5558202.0,1
53.0,71996.0,27.0,7764.0,29.648978128331528,39.81456676018432,4.14735826967471,2666.5185185185187,9.599982487962658,41.95730051816877,5565966.0,2
40.0,69224.0,2.0,13323.0,-49.96674938795106,74.36395314118192,7.538650738369251,34612.0,9.864358453787212,59.450181801670624,5579289.0,0
33.0,43224.0,24.0,14031.0,11.074844531895812,50.28799928245187,8.714684213765338,1801.0,5.770490134687741,54.82217306127267,5593320.0,2
56.0,71996.0,28.0,15052.0,75.95824101146317,50.28799928245187,6.789784930380419,2571.285714285714,7.406420055728382,58.31331723536184,5608372.0,2
59.0,55150.0,15.0,13640.0,98.8065566652774,72.65882117904688,4.11864740417496,3676.6666666666665,17.64142788853317,57.74493991465017,5622012.0,1
56.0,93731.0,6.0,8843.0,90.12960107746488,22.499409102960943,7.53594630745753,15621.833333333334,2.9856116518101588,48.48207652148653,5630855.0,1
31.0,79688.0,8.0,15210.0,65.1667918706426,43.85885477552217,2.0366713777268486,9961.0,21.534576100575205,46.339028352509956,5646065.0,1
48.0,103509.0,27.0,17456.0,48.63065826106465,65.73854192131631,3.2755216518013244,3833.6666666666665,20.069640475484075,44.032268599933104,5663521.0,2
22.0,38577.0,5.0,11106.0,25.43219811783167,47.295133370455225,5.466852550992888,7715.4,8.65125461667436,52.2975100224312,5674627.0,0
52.0,71996.0,16.0,6189.0,81.92551048714611,36.03515778761572,5.754093872861484,4499.75,6.262525183603861,49.68961102646238,5680816.0,2
40.0,38666.0,26.0,3472.0,87.98219139516952,33.1883209293914,0.2214147547262945,1487.1538461538462,149.89209264946095,38.83953736248741,5684288.0,2
46.0,87761.0,18.0,18091.0,52.54349125456928,27.89109601498268,9.451141887560087,4875.611111111111,2.9510821387301234,32.371524910663226,5702379.0,2
28.0,66368.0,16.0,19188.0,24.433994078646613,71.42777359137693,6.9662727121739,4148.0,10.25337028028682,44.16906351191697,5721567.0,2
35.0,36783.0,5.0,7704.0,11.294320841117356,50.28799928245187,4.957037502318911,7356.6,10.144768777506133,49.868956296270454,5729271.0,0
41.0,71914.0,28.0,4713.0,8.717946783183116,24.58309669948736,9.331272344083084,2568.3571428571427,2.6344849655015574,48.766289857772016,5733984.0,2
26.0,100507.0,16.0,6051.0,71.90774473538556,42.95481941423813,4.390955652508285,6281.6875,9.782567352895187,39.27530513205908,5740035.0,2
27.0,109026.0,13.0,11756.0,42.0118727847725,42.06401904830659,9.804355702703717,8386.615384615385,4.290339959484204,36.533978387343986,5751791.0,1
34.0,97526.0,16.0,3475.0,90.53598742778703,30.90435144256778,5.122847572434851,6095.375,6.032650982796893,38.64106330170413,5755266.0,2
55.0,100835.0,5.0,4610.0,73.96713007267637,46.13045752833144,1.1428576999797946,20167.0,40.36413066048994,39.69960933973523,5759876.0,0
